Date,log_rtn,0,predicted_mean,predicted_mean
2012-01-03,0.0293560193437699,0.02857975468180119,,
2012-01-04,0.0221215332514463,0.020276600413592614,,
2012-01-05,0.0276197073384291,0.026727635800232078,,
2012-01-06,0.0011344300705687,-0.0006047605069881953,,
2012-01-09,0.0135137191667375,0.013356569310714465,,
2012-01-10,0.0160891126627073,0.01440962961657271,,
2012-01-11,0.0179988496762255,0.017219500785548625,,
2012-01-12,0.0080754140055468,0.0066295210439940395,,
2012-01-13,-0.0080754140055468,-0.00869607227328929,,
2012-01-17,-0.0054200674693589,-0.005953371030402411,,
2012-01-18,0.0209741488104493,0.020279835095136256,,
2012-01-19,-0.0048012895648451,-0.006419334666135188,,
2012-01-20,0.0079893900334804,0.007984206833292855,,
2012-01-23,-0.0160431248405788,-0.01760778598931361,,
2012-01-24,-0.0784716154414918,-0.07807336633501084,,
2012-01-25,0.0213449118962968,0.022887742470203514,,
2012-01-26,-0.0551459358010787,-0.058249470444607127,,
2012-01-27,0.0185245811125099,0.021460072552688367,,
2012-01-30,-0.0107143882123715,-0.014623639058022421,,
2012-01-31,0.0071556655953888,0.008887714968341752,,
2012-02-01,0.0112261149425483,0.008551670600310942,,
2012-02-02,0.0168952460428848,0.016959477130568668,,
2012-02-03,0.0407526680270927,0.03879495385816527,,
2012-02-06,0.0022160673888848,0.0006572126547546085,,
2012-02-07,0.0153764698964872,0.015058626597559726,,
2012-02-08,0.0119178008640337,0.01027056323281968,,
2012-02-09,-0.0032362487792538,-0.00387443255709706,,
2012-02-10,-0.007592227358366,-0.008302761564235055,,
2012-02-13,0.0097508898264343,0.009257852030822411,,
2012-02-14,-0.0070327582262699,-0.00834534899448421,,
2012-02-15,0.0048740957582013,0.004755111776299359,,
2012-02-16,0.0345136459573526,0.03314533806924805,,
2012-02-17,0.0358828860742839,0.03417984997620484,,
2012-02-21,-0.0177805039819928,-0.01931685466274707,,
2012-02-22,-0.0370896521443351,-0.036642244244139525,,
2012-02-23,0.0063660692449896,0.006262302955597214,,
2012-02-24,0.0047480964960861,0.0033115817495471445,,
2012-02-27,0.0036774404458902,0.003180381098620187,,
2012-02-28,0.0078349839298021,0.006761957401461115,,
2012-02-29,-0.0115124243756924,-0.012368909688484685,,
2012-03-01,-0.000526454342223,-0.0007705995540216112,,
2012-03-02,-0.0068692476189122,-0.00794458589965825,,
2012-03-05,-0.0165734881518651,-0.016854854302605592,,
2012-03-06,-0.0328796741191431,-0.033304557408784075,,
2012-03-07,0.0209489469173267,0.021254522261112036,,
2012-03-08,0.0194495596158498,0.017175019876508976,,
2012-03-09,0.0159239033567439,0.015404390570387613,,
2012-03-12,-0.0148543845382082,-0.016390370661159986,,
2012-03-13,0.0428936046025632,0.043226627455294396,,
2012-03-14,0.0998152149413923,0.09666658556537039,,
2012-03-15,0.025167194233011,0.02208743993077659,,
2012-03-16,0.0067552609961105,0.006542171709704152,,
2012-03-19,0.0160288382758926,0.014649026098336834,,
2012-03-20,-0.0196259644567716,-0.02060035996671844,,
2012-03-21,-0.005873068609567,-0.005723180738574686,,
2012-03-22,-0.0270969506279904,-0.028222815990552742,,
2012-03-23,0.0115715246276976,0.01211244704490543,,
2012-03-26,0.0109840921281762,0.008920606477189823,,
2012-03-27,-0.0142106448236724,-0.014538704385382172,,
2012-03-28,0.006442728222204,0.005956375437138222,,
2012-03-29,-0.0069045153465774,-0.008092453335963803,,
2012-03-30,-0.0088147172459471,-0.009020668458836053,,
2012-04-02,-0.0013989277170541,-0.0021760623876992164,,
2012-04-03,0.0037261337941355,0.003035293533899977,,
2012-04-04,-0.0201932196064736,-0.021140726293910613,,
2012-04-05,0.0,0.00015433543041909372,,
2012-04-09,-0.0230336478776172,-0.024391540921687778,,
2012-04-10,-0.0156558970725299,-0.015120912277890383,,
2012-04-11,0.0272390381621562,0.026241574426035176,,
2012-04-12,0.0140562171335918,0.012393111002504294,,
2012-04-13,-0.0290432029879143,-0.029754370271153432,,
2012-04-16,0.0128253421640507,0.013169504256512955,,
2012-04-17,0.0178725119518857,0.015889494403687705,,
2012-04-18,0.0,-0.0006496819900923347,,
2012-04-19,-0.011401548688861,-0.01223076552962839,,
2012-04-20,-0.0188093319574762,-0.01907573253077413,,
2012-04-23,0.0128191379344601,0.012471632422851002,,
2012-04-24,-0.0364655599011247,-0.037993534084527436,,
2012-04-25,0.0064596497909842,0.0076304373096283415,,
2012-04-26,0.01132738041179,0.009049140956309846,,
2012-04-27,0.0112005066704884,0.011000265644080232,,
2012-04-30,-0.0126707348206816,-0.014232400391895415,,
2012-05-01,0.0131548791051613,0.013419605058248494,,
2012-05-02,-0.012664562841325,-0.01460820263968833,,
2012-05-03,-0.0178046246334992,-0.017288974880748403,,
2012-05-04,-0.0135646390341723,-0.014465569180348296,,
2012-05-07,0.0160565416443459,0.015921675912556277,,
2012-05-08,0.0,-0.0017940822880680397,,
2012-05-09,-0.0145402411263431,-0.014616965310660347,,
2012-05-10,0.0045351551653502,0.003896395767677794,,
2012-05-11,0.0114972523656747,0.01048394105107994,,
2012-05-14,-0.0318128317120428,-0.03285144421565875,,
2012-05-15,-0.0212608474993697,-0.020593335252253202,,
2012-05-16,-0.0142520227071822,-0.015117984805615764,,
2012-05-17,-0.0204088716312081,-0.02053991613575381,,
2012-05-18,-0.008719401291832,-0.00909351263883233,,
2012-05-21,0.0173634313434679,0.016693151037635457,,
2012-05-22,0.009636048865033,0.008143044186977186,,
2012-05-23,0.0190079640452083,0.018357374564844455,,
2012-05-24,-0.0168780377873554,-0.018448141802317693,,
2012-05-25,0.003716489544563,0.004150887311673273,,
2012-05-29,0.0168159506391532,0.015128927530048374,,
2012-05-30,-0.0237290332093582,-0.024532128812335137,,
2012-05-31,0.0153564044978062,0.015553712364378622,,
2012-06-01,-0.0434967894762481,-0.04548197852997405,,
2012-06-04,-0.0340529693237269,-0.032307261211935494,,
2012-06-05,0.0112931747934871,0.010217261688319601,,
2012-06-06,0.0295969605056425,0.028607472270788685,,
2012-06-07,-0.0019096991208018,-0.0036700299566116553,,
2012-06-08,0.0049033059285147,0.004878884381538807,,
2012-06-11,-0.0376567194380429,-0.0390883456770062,,
2012-06-12,0.019559159427243,0.020713060089719532,,
2012-06-13,-0.0088938885315186,-0.011672024449752946,,
2012-06-14,0.0248151691196943,0.025732445463546496,,
2012-06-15,0.0183491386682426,0.015521561170678499,,
2012-06-18,0.0074587452876362,0.007345805178585399,,
2012-06-19,0.0328925502359059,0.0314194433449838,,
2012-06-20,0.007674634753117,0.0061037460409929505,,
2012-06-21,-0.0334271308555275,-0.03394999518532338,,
2012-06-22,0.008135460170473,0.008526818086597361,,
2012-06-25,-0.0361934129656616,-0.038024515653557425,,
2012-06-26,0.0182604429388837,0.01961993433875325,,
2012-06-27,0.0215854656083599,0.01872280667783445,,
2012-06-28,-0.0109977542095642,-0.011213873015625866,,
2012-06-29,0.0223909380389697,0.021705647344018184,,
2012-07-02,0.0107555454252133,0.009076292131192612,,
2012-07-03,0.0035596274555804,0.002987833917808733,,
2012-07-05,-0.0143151728807937,-0.01533446266820601,,
2012-07-06,-0.0015459936085987,-0.0015737550983843914,,
2012-07-09,-0.015069134202,-0.01624698280573446,,
2012-07-10,-0.0168958612724717,-0.016789952122485796,,
2012-07-11,0.0079554914411237,0.007288533394061706,,
2012-07-12,-0.0154381559637556,-0.016566349744685172,,
2012-07-13,0.0201812478597626,0.020268902030673195,,
2012-07-16,0.0015760444555,-0.0005252554320569671,,
2012-07-17,0.0197511618166033,0.019814966379635122,,
2012-07-18,0.0010288066751468,-0.0010400337877969578,,
2012-07-19,-0.0108556248269175,-0.01079181647599869,,
2012-07-20,-0.0268649287815489,-0.027739828022235447,,
2012-07-23,-0.0085791410913848,-0.008212290713259582,,
2012-07-24,-0.0336787476865941,-0.03484171377730319,,
2012-07-25,-0.0041858579326828,-0.0033637900934767517,,
2012-07-26,0.0111235852186939,0.00948991587743158,,
2012-07-27,0.0218827112495128,0.02126658738541622,,
2012-07-30,-0.009788006366151,-0.011492914362665998,,
2012-07-31,-0.0054794657646694,-0.005233004416853671,,
2012-08-01,0.0043859719432553,0.0031812512464913442,,
2012-08-02,-0.0126618812470671,-0.01329722904115915,,
2012-08-03,0.0476022804422966,0.04725756705174934,,
2012-08-06,-0.0058278310639789,-0.00871450085403463,,
2012-08-07,0.0121469674154858,0.013016005277194756,,
2012-08-08,-0.0010504202646383,-0.003352103516285919,,
2012-08-09,0.0005253480551543,0.0008233694094253033,,
2012-08-10,-0.0089686699827554,-0.010441536095416008,,
2012-08-13,-0.007446842924477,-0.007384920732676892,,
2012-08-14,0.0042621268569427,0.0032554942762508523,,
2012-08-15,0.0184361292297594,0.01767536102548802,,
2012-08-16,0.0036467870579815,0.002171437086936603,,
2012-08-17,0.0241470761432665,0.02371851374298093,,
2012-08-20,-0.0102041701742706,-0.01212073881403749,,
2012-08-21,-0.000512952050225,-0.00011108049901092682,,
2012-08-22,-0.0077300049941492,-0.009230653929651389,,
2012-08-23,-0.0169561907790085,-0.016924319407559268,,
2012-08-24,0.0070782835835632,0.006462361976535613,,
2012-08-27,-0.0041884877987268,-0.005316021141040413,,
2012-08-28,0.0078390785544087,0.007487458839743904,,
2012-08-29,0.004674119130353,0.003343117930960403,,
2012-08-30,-0.0049344341129249,-0.005497987386002305,,
2012-08-31,0.0023403989359143,0.0016470366575758255,,
2012-09-04,0.0041472324864209,0.003255440427730619,,
2012-09-05,0.0015507886282019,0.0007189897452637499,,
2012-09-06,0.0189312381861163,0.018161276178791985,,
2012-09-07,0.0284805660132053,0.026991947601946866,,
2012-09-10,-0.0143887374520952,-0.01577731906163495,,
2012-09-11,0.0009990010820917,0.001216934614951426,,
2012-09-12,0.0202626156577617,0.01882393396282509,,
2012-09-13,0.024167440106902,0.02306659793284548,,
2012-09-14,0.0193905342322283,0.017915224219148845,,
2012-09-17,-0.0070505579966663,-0.008093296342354278,,
2012-09-18,-0.006150953861862,-0.006446683121169091,,
2012-09-19,0.0037896776761661,0.0029676648944176247,,
2012-09-20,-0.0166869187850305,-0.017550652661059634,,
2012-09-21,0.0033597343818602,0.0033222078701108087,,
2012-09-24,0.007161644359695,0.005798848564108744,,
2012-09-25,-0.0333767378085275,-0.03401642092250185,,
2012-09-26,0.0019656025984218,0.002431808125752564,,
2012-09-27,0.0126830968444823,0.011043459311579483,,
2012-09-28,0.0014531366082916,0.0007801019170868604,,
2012-10-01,0.0062726381784719,0.005402091172400656,,
2012-10-02,0.0009615385355783,3.2859913597060733e-05,,
2012-10-03,0.0171514447412496,0.01646817147509763,,
2012-10-04,0.0274883368409635,0.026012145005979887,,
2012-10-05,0.0100595269877548,0.008701480350847102,,
2012-10-08,-0.007305968570553,-0.00806181830332777,,
2012-10-09,-0.0027535584172018,-0.0032279659978211926,,
2012-10-10,0.0045850607606345,0.0037480073020714935,,
2012-10-11,0.0297453205231146,0.028860449350554783,,
2012-10-12,-0.0242708542959942,-0.02610576276501055,,
2012-10-15,0.0099593399027329,0.010856245285289022,,
2012-10-16,-0.0136056520557779,-0.01584032198979557,,
2012-10-17,0.0072793770029041,0.008023102707077158,,
2012-10-18,-0.0266437441846846,-0.028673148874204097,,
2012-10-19,-0.0013976242666476,-0.0002802648744012646,,
2012-10-22,0.0,-0.0019366028323245534,,
2012-10-23,-0.0140847398817381,-0.01406775064852478,,
2012-10-24,0.0075365406182416,0.006818391897063581,,
2012-10-25,0.0060818900920685,0.005003699293365642,,
2012-10-26,-0.0103142030167375,-0.0110989059564115,,
2012-10-31,0.0121781364548132,0.011840049673421579,,
2012-11-01,0.0138698478641495,0.012360685360099634,,
2012-11-02,-0.01666705248523,-0.01747217425604258,,
2012-11-05,0.0018656721829625,0.0017888307120331294,,
2012-11-06,0.0092765043703075,0.007997841906280253,,
2012-11-07,-0.0594422647511039,-0.060219767987812825,,
2012-11-08,-0.0163006819982342,-0.014727060600499997,,
2012-11-09,-0.002493145145767,-0.004148404847454986,,
2012-11-12,-0.0004993757906557,-0.000570126435355384,,
2012-11-13,-0.0191634709607815,-0.020353879973819152,,
2012-11-14,-0.0159100097060829,-0.015636125083562363,,
2012-11-15,-0.0041472324864209,-0.004963098865341624,,
2012-11-16,0.0154642256975802,0.014906062151067372,,
2012-11-19,0.008150834733257,0.006658194775044036,,
2012-11-20,0.0166041550520443,0.016011262644058617,,
2012-11-21,0.0074608652476952,0.005946593379614299,,
2012-11-23,0.0235074487660335,0.022955695373912163,,
2012-11-26,0.0024172117160037,0.0006065977766582949,,
2012-11-27,-0.0368864045241779,-0.03704655172728342,,
2012-11-28,0.0040000053333726,0.004287804272553358,,
2012-11-29,0.0089419373756433,0.007340249631344931,,
2012-11-30,-0.0074460507840894,-0.007998099775045002,,
2012-12-03,-0.0140494031937616,-0.014652354086895197,,
2012-12-04,-0.0091371194062012,-0.009449009153723691,,
2012-12-05,-0.0020418588002834,-0.0027367576822812587,,
2012-12-06,-0.0015341347933716,-0.0022539684651650877,,
2012-12-07,0.0152364552421122,0.01451321140722809,,
2012-12-10,0.0055290414791433,0.0041538340695250016,,
2012-12-11,0.0262196568354417,0.025651821290462302,,
2012-12-12,0.0058422756242166,0.003936435554259736,,
2012-12-13,0.0004853191068227,0.000254178482421454,,
2012-12-14,-0.0004853191068228,-0.001608676854415542,,
2012-12-17,0.0287101058824238,0.02821128319398314,,
2012-12-18,0.0182290628487851,0.016180693625357623,,
2012-12-19,-0.0023185727984767,-0.0029391919731898437,,
2012-12-20,0.0174877903515688,0.01672990893055265,,
2012-12-21,-0.0198117514253954,-0.021252005719195787,,
2012-12-24,-0.0037296080528525,-0.00326615051169667,,
2012-12-26,-0.0075012072311667,-0.008916872707285941,,
2012-12-27,0.000470477543367,0.00043754341867611286,,
2012-12-28,-0.0061335412858162,-0.0073866494170942,,
2012-12-31,0.0126970903998393,0.012503916354738713,,
2013-01-02,0.0271968825388655,0.025572189712612915,,
2013-01-03,0.0013633267278847,0.00011429528578330256,,
2013-01-04,0.0282087206344759,0.027720419790580854,,
2013-01-07,-0.0048683433174107,-0.006904072512712196,,
2013-01-08,-0.0201664911795873,-0.019894412305755758,,
2013-01-09,-0.0109240958904519,-0.01157273332889999,,
2013-01-10,0.0045662179795878,0.004162453632747158,,
2013-01-11,-0.0091533819864531,-0.010322424436310092,,
2013-01-14,0.0050447252136972,0.004914075668178603,,
2013-01-15,0.0086541191444374,0.007286825764244493,,
2013-01-16,0.0117224065515937,0.011027460670785059,,
2013-01-17,0.0084803007659089,0.0072235661640285284,,
2013-01-18,0.0022197567383161,0.0014588941838781363,,
2013-01-22,0.0066298585386792,0.005787156974428604,,
2013-01-23,-0.0053003657658304,-0.006261288820008003,,
2013-01-24,0.0057407973959319,0.0053229975933965544,,
2013-01-25,0.0118189163031417,0.010613283466448138,,
2013-01-28,-0.0039241384561038,-0.004848839072964184,,
2013-01-29,-0.0065746456420948,-0.007069948674460078,,
2013-01-30,0.0345756135097458,0.03390135695139644,,
2013-01-31,-0.0093897403498348,-0.01155156249333876,,
2013-02-01,0.025821540437975,0.026352906579565117,,
2013-02-04,-0.013039091151076,-0.01565217366799567,,
2013-02-05,0.017625298897799,0.018595746189606153,,
2013-02-06,0.0,-0.002582069207100913,,
2013-02-07,-0.0033333364197372,-0.0028919251483053815,,
2013-02-08,0.0074844424221218,0.006067815114783588,,
2013-02-11,0.0028955552805687,0.002278676644850097,,
2013-02-12,0.0114991000141007,0.01053536049614196,,
2013-02-13,0.0105606180506301,0.009489337873119272,,
2013-02-14,-0.0044561548318953,-0.005420113025422052,,
2013-02-15,-0.01184412457305,-0.012292860563153728,,
2013-02-19,0.0142772157977145,0.013777897115201304,,
2013-02-20,-0.0225280876877021,-0.02401311647950128,,
2013-02-21,-0.0171301452217446,-0.016531284634679733,,
2013-02-22,0.01297903921937,0.011997083507186743,,
2013-02-25,-0.0167789171291369,-0.017895950492862387,,
2013-02-26,0.0050633019565508,0.005195919579610432,,
2013-02-27,0.0146231976986433,0.01308207011447618,,
2013-02-28,0.0016576879055177,0.0008441970447669054,,
2013-03-01,-0.0045652704315748,-0.005351440801140161,,
2013-03-04,0.0070466612829406,0.006485278617827518,,
2013-03-05,0.0119073466006987,0.010745185104940973,,
2013-03-06,0.0233975982140502,0.022440863723910222,,
2013-03-07,0.0071514011576511,0.005611364966382194,,
2013-03-08,0.0015822788111034,0.001059538495814871,,
2013-03-11,0.0129591446425051,0.011984734865340626,,
2013-03-12,-0.0062622513845918,-0.007383470456853236,,
2013-03-13,0.0043095071593308,0.004034631225001201,,
2013-03-14,0.0058468301429303,0.004603052053694436,,
2013-03-15,-0.0066289967843004,-0.007295649442836471,,
2013-03-18,-0.011410708109257,-0.011970174692684764,,
2013-03-19,0.0011864743333828,0.0007430586082833819,,
2013-03-20,0.005518342738458,0.00450721359794087,,
2013-03-21,-0.0110673066397039,-0.011874122033512746,,
2013-03-22,0.002381898704556,0.0020877297245889123,,
2013-03-25,-0.0027794339910102,-0.003935331765676415,,
2013-03-26,0.0,-0.0003879348189596792,,
2013-03-27,-0.0059820716775622,-0.006983398595959178,,
2013-03-28,-0.0004000800213434,-0.0007647197914279976,,
2013-04-01,-0.0084388686458607,-0.009439906297441332,,
2013-04-02,-0.0121804185568593,-0.01244941105265542,,
2013-04-03,-0.024815169119743,-0.025419558386936072,,
2013-04-04,0.0108289271449996,0.010937946210298985,,
2013-04-05,-0.0108289271449996,-0.012579449603525883,,
2013-04-08,0.010000083334591,0.010317143562788735,,
2013-04-09,0.0074349784875025,0.005579992437865757,,
2013-04-10,0.0126765140564541,0.012349804783888911,,
2013-04-11,0.0133200758489259,0.011783990871052367,,
2013-04-12,-0.0220947469840881,-0.02286071994406525,,
2013-04-15,-0.0305923347175461,-0.03048318865530651,,
2013-04-16,0.0050590327123989,0.004924233587062342,,
2013-04-17,-0.0148276387429393,-0.01619276171794568,,
2013-04-18,0.0004267121891116,0.0006463418075808634,,
2013-04-19,0.011452935368522,0.010035462908223432,,
2013-04-22,-0.0042265489798885,-0.004997679295603191,,
2013-04-23,0.0250954198525216,0.024510934477328154,,
2013-04-24,0.0131310873204267,0.011280050725135413,,
2013-04-25,0.0,-0.0005515063838706925,,
2013-04-26,-0.0118926970692685,-0.012786468614237736,,
2013-04-29,0.0106689563495405,0.010464162548788087,,
2013-04-30,0.0048860032056299,0.003348066588835126,,
2013-05-01,-0.0180332755696609,-0.018469025272755006,,
2013-05-02,0.0190481949707042,0.01878177055691632,,
2013-05-03,0.0202838563884314,0.018459577865863323,,
2013-05-06,0.0212439145760397,0.020395790399352062,,
2013-05-07,0.0104550807140752,0.00892764184405443,,
2013-05-08,0.0011549568175204,0.0004950595975995628,,
2013-05-09,0.0007692308071684,-9.832292380315417e-05,,
2013-05-10,0.0053681110503428,0.004652147281184129,,
2013-05-13,0.0117849681759097,0.010789929198959795,,
2013-05-14,0.022422464055811,0.021360613160843325,,
2013-05-15,-0.0033314855909964,-0.004764364080793655,,
2013-05-16,-0.0044593161967684,-0.004643589179226034,,
2013-05-17,0.0199121623201097,0.018950872928090997,,
2013-05-20,0.0112544299182994,0.009853352547524095,,
2013-05-21,-0.003254387251223,-0.004028554524608968,,
2013-05-22,-0.0135112517337371,-0.014131663348361082,,
2013-05-23,0.0003675794932038,4.6178111583375587e-05,,
2013-05-24,0.0102377493819778,0.009178334901622716,,
2013-05-28,0.0215913389389949,0.02063217335834192,,
2013-05-29,0.0,-0.0014679770652776406,,
2013-05-30,0.0179930767096828,0.017701924247241298,,
2013-05-31,-0.018705327452045,-0.02047218698247694,,
2013-06-03,-0.0157992514384538,-0.015164197460393842,,
2013-06-04,-0.0175250925553703,-0.018582763977346733,,
2013-06-05,-0.0219707217717071,-0.021848029546643066,,
2013-06-06,0.0138345822152574,0.013354554396584941,,
2013-06-07,0.0162066162291055,0.014726169605674883,,
2013-06-10,0.0188206785868016,0.017905519613469485,,
2013-06-11,-0.0017943661731815,-0.0031831984716185306,,
2013-06-12,-0.0254651810594978,-0.02573837798723383,,
2013-06-13,0.0142676647477775,0.01418426692751597,,
2013-06-14,-0.0209220331104046,-0.022680175267048554,,
2013-06-17,0.0037023366985414,0.004418130356360862,,
2013-06-18,0.0091963127429859,0.007324811763942521,,
2013-06-19,-0.0140120286621279,-0.014396586748415005,,
2013-06-20,0.0194894935163101,0.019032543111967472,,
2013-06-21,0.0162546472084313,0.01453843309263237,,
2013-06-24,-0.0035893793023628,-0.004351384605763641,,
2013-06-25,0.023806418297902,0.02319107740640431,,
2013-06-26,0.0205046280270055,0.018724163079358924,,
2013-06-27,0.0054888645523786,0.004603318949954414,,
2013-06-28,-0.0106621818326073,-0.01155042391238161,,
2013-07-01,0.0147591489835644,0.014502718007958068,,
2013-07-02,0.0064527308291032,0.0047891930845978675,,
2013-07-03,0.0050650116724425,0.004650733478498752,,
2013-07-05,0.0422087052094409,0.04102711856706898,,
2013-07-08,0.0061162270174457,0.003990236165656925,,
2013-07-09,-0.0227208735355336,-0.022817942107927355,,
2013-07-10,-0.0205645721314535,-0.020870834970100633,,
2013-07-11,-0.0168980026207158,-0.017150826601187667,,
2013-07-12,0.0212451086137343,0.02081411663635682,,
2013-07-15,0.0116106794455828,0.009808911547870076,,
2013-07-16,-0.0250472269097898,-0.025571819823422697,,
2013-07-17,0.0,6.560188348694602e-05,,
2013-07-18,0.0250472269097898,0.023747680007856133,,
2013-07-19,0.0075571248434452,0.006178152070792434,,
2013-07-22,0.0094478630775054,0.008803389680759185,,
2013-07-23,-0.0309540682984684,-0.03215526280812891,,
2013-07-24,0.0053369039281615,0.006077821268737739,,
2013-07-25,-0.0120483385161588,-0.014000122426316371,,
2013-07-26,-0.0050633019565546,-0.00456633546494705,,
2013-07-29,-0.0119150345778546,-0.013300707415965764,,
2013-07-30,0.0020526863177453,0.0021722102434942,,
2013-07-31,0.0129034048358928,0.011488328380500115,,
2013-08-01,0.0170601227453005,0.016230835420037493,,
2013-08-02,0.0,-0.0013766188900477148,,
2013-08-05,-0.0076577700668956,-0.008008994478015206,,
2013-08-06,-0.0182129823605738,-0.018939725112291656,,
2013-08-07,-0.0112956874477933,-0.011363761152321681,,
2013-08-08,0.0160495164343413,0.015278501799148848,,
2013-08-09,-0.0010167769050885,-0.0023922897478264576,,
2013-08-12,0.0040609192863214,0.003748631170273302,,
2013-08-13,-0.0156572293169877,-0.016866710086447575,,
2013-08-14,0.0020562036031513,0.0022058533402212806,,
2013-08-15,-0.0169173722196526,-0.018352394904211602,,
2013-08-16,0.004862809165709,0.005209919521378153,,
2013-08-19,-0.0052110592127244,-0.006885403992192091,,
2013-08-20,0.0298529631496567,0.02990078519555116,,
2013-08-21,-0.0108918707806764,-0.01334426439524486,,
2013-08-22,0.0132587357909352,0.014039762014457812,,
2013-08-23,-0.0047393453638817,-0.007026526261929803,,
2013-08-26,-0.0088616803499462,-0.008429293210142347,,
2013-08-27,-0.0451678385054866,-0.04636287624255399,,
2013-08-28,0.0085592533956853,0.009850589013390143,,
2013-08-29,0.006724498883919,0.004285090161159074,,
2013-08-30,-0.0134945229598922,-0.013409233884569032,,
2013-09-03,0.0134945229598922,0.012708440299833363,,
2013-09-04,0.0021141656923029,0.0008482287658419939,,
2013-09-05,0.0181379231219679,0.01763144879987799,,
2013-09-06,-0.0090278390927575,-0.010658765524949446,,
2013-09-09,0.0110996630382816,0.011267824856197428,,
2013-09-10,0.0075601734660871,0.005760200923524507,,
2013-09-11,-0.0044604637343272,-0.004828230510989615,,
2013-09-12,-0.0044804486463104,-0.005321038173683203,,
2013-09-13,0.0013807389145504,0.0008518303747475615,,
2013-09-16,0.0102952179060612,0.009332725896453837,,
2013-09-17,0.0047684014057596,0.003743263315274533,,
2013-09-18,-0.0233767950020403,-0.024145144356794823,,
2013-09-19,-0.0278628498777517,-0.027702129672451305,,
2013-09-20,0.000357589848284,8.240370213807537e-05,,
2013-09-23,-0.0125923592327201,-0.013681772540579198,,
2013-09-24,-0.0003621220391085,-0.00041097972219394967,,
2013-09-25,0.0,-0.001210158729120162,,
2013-09-26,-0.0127575996736744,-0.013218278834946607,,
2013-09-27,0.0025645736715821,0.0021087419971230217,,
2013-09-30,0.0032876741941974,0.002230950639045125,,
2013-10-01,0.0195022432314393,0.01881242454545834,,
2013-10-02,-0.0242545826453563,-0.025818173156628182,,
2013-10-03,-0.0077248866761868,-0.007007019319822316,,
2013-10-04,0.0276783874221448,0.0262512887872266,,
2013-10-07,-0.0265711719556429,-0.02796891319868863,,
2013-10-08,-0.0048068127309601,-0.004107630333570333,,
2013-10-09,-0.0033413804988426,-0.004870024452839163,,
2013-10-10,0.0390204470848442,0.03889953002565856,,
2013-10-11,0.0127933514599323,0.01009429564882892,,
2013-10-14,0.007738343223173,0.007757620902362463,,
2013-10-15,-0.0031584514763559,-0.0047294041459520954,,
2013-10-16,0.0198370868837014,0.019736853733996793,,
2013-10-17,0.0085778532477562,0.006613522809609521,,
2013-10-18,0.0216297719380543,0.021330378791823545,,
2013-10-21,-0.0016730805308269,-0.0035763857241891276,,
2013-10-22,-0.0689689506171931,-0.06890859062697997,,
2013-10-23,0.0092857810079375,0.010680098722866734,,
2013-10-24,0.0120142787881536,0.009478813685187782,,
2013-10-25,0.001404001634661,0.0013461022897197253,,
2013-10-28,0.0028021034096208,0.001528995039395379,,
2013-10-29,-0.0052604013991897,-0.005788996029776393,,
2013-10-30,-0.0003516792721202,-0.0010553126728745175,,
2013-10-31,-0.0012318523335087,-0.002011875092228846,,
2013-11-01,0.0008800493395662,0.000184590658922339,,
2013-11-04,-0.0007039775018076,-0.0015374241375035015,,
2013-11-05,0.0101594848261073,0.009478562722604458,,
2013-11-06,0.0057346581696845,0.0045296705241552925,,
2013-11-07,-0.0215438755379089,-0.022231658860091468,,
2013-11-08,0.0483853878028371,0.04842163179035322,,
2013-11-11,-0.0146136840282162,-0.01778139808561747,,
2013-11-12,-0.0110156019215017,-0.009619036943521567,,
2013-11-13,0.0034554284554146,0.0017104246963746215,,
2013-11-14,0.0044399391459025,0.004196150495619566,,
2013-11-15,0.002777827194747,0.0015085198360805432,,
2013-11-18,-0.0113657155993772,-0.011895862565642325,,
2013-11-19,-0.0231264686609444,-0.023590918419580532,,
2013-11-20,0.0035385741098975,0.0034897021868681355,,
2013-11-21,0.0282494809598437,0.02688716888269099,,
2013-11-22,0.0106038277655061,0.009141208706203233,,
2013-11-25,0.0020394296667741,0.0013311081287267464,,
2013-11-26,-0.0105821093305358,-0.01145232448408165,,
2013-11-27,0.0119394220601045,0.01166801404380599,,
2013-11-29,-0.0054403398378134,-0.0069840344740533,,
2013-12-02,-0.0044421737151447,-0.00447131575040196,,
2013-12-03,-0.0110193952495867,-0.012083358657154946,,
2013-12-04,0.0130720815673331,0.012945129539239056,,
2013-12-05,-0.0034234884515046,-0.005106353190254623,,
2013-12-06,0.0193587298695549,0.019342422600416347,,
2013-12-09,-0.0020202027072801,-0.00402105775453831,,
2013-12-10,-0.0125489182797121,-0.012410874114994617,,
2013-12-11,-0.0269819204769484,-0.027839579091689333,,
2013-12-12,0.0090751059131341,0.009435183577269468,,
2013-12-13,-0.0108298001692746,-0.012676989490029295,,
2013-12-16,0.003156236181444,0.003536893105366563,,
2013-12-17,-0.0173057470976052,-0.018935578290814797,,
2013-12-18,0.0263682001976049,0.02685855572820868,,
2013-12-19,0.0137838157511828,0.01117637476907326,,
2013-12-20,0.0,-7.960016758677268e-05,,
2013-12-23,0.0169668135269943,0.015762743249217184,,
2013-12-24,0.0040295554860102,0.002903012495401469,,
2013-12-26,0.0,-0.0006728495235131046,,
2013-12-27,-0.001677008610361,-0.0024909917966125443,,
2013-12-30,0.0020120731133898,0.001356310034771705,,
2013-12-31,0.0036783188104384,0.0027746113532461946,,
2014-01-02,-0.0104010332053179,-0.011206705290438745,,
2014-01-03,0.007057666667325,0.006736755174305065,,
2014-01-06,-0.0070576666673248,-0.008378377662127446,,
2014-01-07,0.003030815588281,0.0029181426625989747,,
2014-01-08,0.0087044406301533,0.007403887681140179,,
2014-01-09,0.0073065751824309,0.006565781586915944,,
2014-01-10,-0.0053085725197536,-0.006362902586347577,,
2014-01-13,-0.0137332588811117,-0.014089319397747133,,
2014-01-14,0.0006743088590206,0.00018774550804933243,,
2014-01-15,0.0170430190369739,0.01608024044806624,,
2014-01-16,-0.0120001440031359,-0.013288319417342646,,
2014-01-17,0.0113372338031643,0.01139596900240146,,
2014-01-21,0.0425181679365728,0.04078088069946756,,
2014-01-22,0.0098024500322537,0.00802978447101662,,
2014-01-23,-0.0197019401060206,-0.02017513163141569,,
2014-01-24,-0.0303004122111781,-0.030477123878897484,,
2014-01-27,-0.0099734869267459,-0.009931709879103178,,
2014-01-28,-0.005696111899717,-0.006590936026636422,,
2014-01-29,-0.0196816668702699,-0.02012749186711429,,
2014-01-30,0.0058090031794663,0.005613505995434299,,
2014-01-31,-0.0206547790307545,-0.02200924609431748,,
2014-02-03,-0.0296527196951191,-0.02921278520326932,,
2014-02-04,0.0237221249534804,0.023333164587036596,,
2014-02-05,0.0052347004894879,0.0033086687714533125,,
2014-02-06,0.0107323169653963,0.010538154191635106,,
2014-02-07,-0.0037950709685479,-0.005342469586718314,,
2014-02-10,0.0215429770919677,0.021452090099538332,,
2014-02-11,0.0121050570262664,0.010068035815508431,,
2014-02-12,0.0059980186485662,0.005608829723061906,,
2014-02-13,0.0076121499456305,0.0063776702468682995,,
2014-02-14,0.018618862203216,0.017877231884818556,,
2014-02-18,0.0019398648178306,0.0004448026077994,,
2014-02-19,-0.0262138207875262,-0.026562836009805222,,
2014-02-20,-0.0096748044050249,-0.009679144645246938,,
2014-02-21,0.0026782741151752,0.0018021227568424092,,
2014-02-24,0.0126247523972944,0.011839971846464079,,
2014-02-25,-0.0009909166789186,-0.0022237808170678074,,
2014-02-26,0.0088830983865551,0.00847600379743758,,
2014-02-27,0.0084801551896294,0.007144904826289425,,
2014-02-28,0.0132281328790484,0.012518903509992558,,
2014-03-03,-0.0090148710962329,-0.01032095074133753,,
2014-03-04,0.0157230898313315,0.015677144976896745,,
2014-03-05,-0.0028694424279348,-0.004708986375290793,,
2014-03-06,0.0041421120238503,0.004207215259975875,,
2014-03-07,0.0038083194234488,0.0023475202722527907,,
2014-03-10,-0.0015850375802482,-0.0020294690083655755,,
2014-03-11,-0.0015875539133565,-0.002489900953479156,,
2014-03-12,-0.0006357279298438,-0.001236877504208242,,
2014-03-13,-0.0022282358415672,-0.003064565658202791,,
2014-03-14,-0.0009564802259727,-0.0015760465418929361,,
2014-03-17,0.0019120464716245,0.0011003387222878,,
2014-03-18,0.0006365372589316,-0.00016072788645084832,,
2014-03-19,0.0170351122622651,0.01627810696834925,,
2014-03-20,0.0314065221687552,0.029983350355947985,,
2014-03-21,-0.0545051602690138,-0.05605091481083491,,
2014-03-24,-0.0302216339017745,-0.028335446152467574,,
2014-03-25,0.0095223178886128,0.008204576339591221,,
2014-03-26,-0.013158084577493,-0.013919480595065236,,
2014-03-27,-0.0123273258541661,-0.012569800636381257,,
2014-03-28,0.0153030265124695,0.014686931426421149,,
2014-03-31,0.022524209949582,0.021075950720221035,,
2014-04-01,0.0077170800985594,0.0065343127715950045,,
2014-04-02,0.0149422586155629,0.014162531945135743,,
2014-04-03,-0.0015790308034025,-0.002905621956938184,,
2014-04-04,-0.0085701206968456,-0.00889264390996824,,
2014-04-07,-0.0199620279500606,-0.020672052987692084,,
2014-04-08,-0.0065253086349303,-0.006536146235434303,,
2014-04-09,0.0045721830140492,0.0035774449027738226,,
2014-04-10,-0.0368384113489888,-0.037619095697801724,,
2014-04-11,-0.0119028781595223,-0.011208921399040638,,
2014-04-14,0.0017091099699846,0.0004607133427430221,,
2014-04-15,0.0101937681895375,0.009691561228580763,,
2014-04-16,0.0100909029819574,0.008767065042479903,,
2014-04-17,0.0113145965799599,0.010535029200317897,,
2014-04-21,0.0003308519467786,-0.0008543320555231366,,
2014-04-22,-0.0203849999517092,-0.020875007317475165,,
2014-04-23,0.006058584671703,0.005919575707056623,,
2014-04-24,-0.0217104863708785,-0.023111832833650876,,
2014-04-25,-0.005502077154004,-0.004990135220199517,,
2014-04-28,-0.0121423868257132,-0.013520790431405335,,
2014-04-29,0.0090341128675132,0.00915772576914913,,
2014-04-30,0.0003458412622792,-0.0013442631547162021,,
2014-05-01,-0.0107770902285456,-0.010935675319146689,,
2014-05-02,0.0080070053547552,0.007275275848309767,,
2014-05-05,-0.0034734317658915,-0.004561045025149597,,
2014-05-06,-0.0157814953373768,-0.016187257936235412,,
2014-05-07,0.0164771475393554,0.01610316535056672,,
2014-05-08,0.007275278928427,0.0056220185808987045,,
2014-05-09,0.0024133781753055,0.001960255273840405,,
2014-05-12,0.0194379521569124,0.018385345469208027,,
2014-05-13,-0.0129165629903504,-0.014239096772903265,,
2014-05-14,-0.0281024564541676,-0.027985380447540373,,
2014-05-15,-0.005291950963471,-0.005529092321795133,,
2014-05-16,-0.0088826307966396,-0.009776676599766552,,
2014-05-19,0.0099432637403137,0.00962123024955445,,
2014-05-20,-0.0021223920241494,-0.003554929850006757,,
2014-05-21,0.0067149925408377,0.006483329885027646,,
2014-05-22,0.001407955178015,4.1926630448233405e-05,,
2014-05-23,0.0,-0.00041311110690333283,,
2014-05-27,0.0024591616116906,0.0014743891907258453,,
2014-05-28,-0.0010531859846664,-0.001757996107030781,,
2014-05-29,0.0045558165358708,0.0038039326797044398,,
2014-05-30,-0.000349711491565,-0.0012894445673198207,,
2014-06-02,0.0087063060824975,0.00808145230284397,,
2014-06-03,0.0041522551007982,0.002967087328328519,,
2014-06-04,-0.0024200530394015,-0.003059140638697187,,
2014-06-05,0.015115368511246,0.01437358953215511,,
2014-06-06,0.0155618837358196,0.014203587471017916,,
2014-06-09,0.0090226175996362,0.008052289931306321,,
2014-06-10,0.0013297874299887,0.00035944463767379365,,
2014-06-11,-0.0090105732281715,-0.009680815565728359,,
2014-06-12,-0.0094308546745279,-0.009895057695350757,,
2014-06-13,0.00236606498754,0.0017827770190272907,,
2014-06-16,-0.014966265745008,-0.015931437629781036,,
2014-06-17,0.0200176319330433,0.01997968414086106,,
2014-06-18,0.0013427326622822,-0.0006695959932892009,,
2014-06-19,-0.0020147756983218,-0.0020003722786456715,,
2014-06-20,0.0120282105019903,0.010840923423193576,,
2014-06-23,-0.002327515597703,-0.0032724437251111355,,
2014-06-24,-0.0144176847824497,-0.01496197019986449,,
2014-06-25,0.0010126583143937,0.0006765598205705291,,
2014-06-26,0.0043763745998085,0.0033014601508932484,,
2014-06-27,-0.0043763745998083,-0.0050967012281450605,,
2014-06-30,-0.0057520036782792,-0.006364050108542199,,
2014-07-01,0.0010174665961782,0.00038788333115556716,,
2014-07-02,-0.0054384906309556,-0.006320613725336148,,
2014-07-03,0.014549402312865,0.014085176260047006,,
2014-07-07,0.0,-0.0015187214680557138,,
2014-07-08,-0.0128466945968736,-0.013104480421335373,,
2014-07-09,0.0118384606011901,0.011252693303067156,,
2014-07-10,-0.0125191958214807,-0.013852247226100234,,
2014-07-11,0.0111733005981388,0.011281791453566605,,
2014-07-14,-0.0057403500528538,-0.007503958894793271,,
2014-07-15,-0.0023732847213415,-0.002246120528246564,,
2014-07-16,-0.0068120154425101,-0.008059462482977689,,
2014-07-17,-0.0256158000458847,-0.0257862298252854,,
2014-07-18,0.0090751059131464,0.00893000976492059,,
2014-07-21,-0.0048763593667654,-0.006391375072479469,,
2014-07-22,0.0176505707040456,0.017580570652446042,,
2014-07-23,-0.0034364294985832,-0.005335345440508817,,
2014-07-24,0.0150327395292596,0.015159000082673211,,
2014-07-25,0.0191441614976483,0.017218315007501185,,
2014-07-28,-0.021520669151536,-0.022257549508779804,,
2014-07-29,-0.0030638321839196,-0.0029962100345310924,,
2014-07-30,-0.0092482248472213,-0.010429582773991756,,
2014-07-31,-0.0082930675707869,-0.008411919421737956,,
2014-08-01,-0.0160898889074375,-0.01694464426602831,,
2014-08-04,-0.0081430791621735,-0.00820979904537387,,
2014-08-05,-0.0035612573250707,-0.00445614262092073,,
2014-08-06,-0.0017853959393629,-0.0023144595062991103,,
2014-08-07,-0.0154874336383914,-0.016326315586854035,,
2014-08-08,0.0140568182298857,0.013956159645567715,,
2014-08-11,-0.0032263874555098,-0.0049649549773543005,,
2014-08-12,-0.0021567226188967,-0.0021440916364589163,,
2014-08-13,0.0068137254829122,0.005633141082198129,,
2014-08-14,0.0083637821837879,0.007617859210657763,,
2014-08-15,-0.0035505096769404,-0.004642707667388123,,
2014-08-18,0.0125476595457596,0.012147918347037982,,
2014-08-19,-0.0021097054238292,-0.00359274225319466,,
2014-08-20,0.0098211943399972,0.009622242068467991,,
2014-08-21,0.0124871549725549,0.010978447745018171,,
2014-08-22,0.0010335918232849,0.0002821083169002428,,
2014-08-25,0.0037807228398904,0.002978125391819378,,
2014-08-26,0.0034246608813597,0.002548509904568141,,
2014-08-27,0.0030721990369766,0.002258302346777408,,
2014-08-28,-0.006839971947768,-0.007681054296776494,,
2014-08-29,0.0,-0.000436541568380299,,
2014-09-02,0.0075214029792602,0.006552037099371887,,
2014-09-03,-0.0047797974237833,-0.005692211577201204,,
2014-09-04,0.0003421728006252,-0.00012783061191696903,,
2014-09-05,-0.0054888645523699,-0.006449575682236001,,
2014-09-08,-0.003445902789521,-0.0038564887702825564,,
2014-09-09,-0.0090153176482816,-0.009867328824657323,,
2014-09-10,0.0152094186635018,0.01486492158581802,,
2014-09-11,0.0047912480431626,0.003168052944450126,,
2014-09-12,0.0098522964430092,0.009476304191807672,,
2014-09-15,-0.004574340886112,-0.005967849940982829,,
2014-09-16,-0.0086979315305115,-0.0088596089306771,,
2014-09-17,0.011580510889786,0.01076970856617248,,
2014-09-18,0.0114479364722,0.010272917713168928,,
2014-09-19,0.0046760272242445,0.003745668123722903,,
2014-09-22,-0.0120685340085326,-0.012895601210269092,,
2014-09-23,-0.0128990247399442,-0.013140820285618157,,
2014-09-24,0.0010244153192293,0.00043017507436942596,,
2014-09-25,-0.0130541187324619,-0.01395975245365954,,
2014-09-26,0.0106621818326015,0.010510493958631989,,
2014-09-29,-0.0013693942571224,-0.0029419860480721432,,
2014-09-30,-0.0044635267239194,-0.00463247162239648,,
2014-10-01,-0.0180560460934375,-0.019027250114202046,,
2014-10-02,-0.0007010165025727,-0.0006144683023470519,,
2014-10-03,0.0115043974080019,0.010218423432100601,,
2014-10-06,-0.0090529866198833,-0.00991259036110733,,
2014-10-07,-0.0204954170621983,-0.020833452267036277,,
2014-10-08,0.0113597245704077,0.011125094615726338,,
2014-10-09,-0.0246573149429716,-0.02620257925721354,,
2014-10-10,-0.0112789989595041,-0.010557471638528573,,
2014-10-13,-0.0128891491603692,-0.014180011599264217,,
2014-10-14,-0.0115565125856604,-0.011461331245605031,,
2014-10-15,-0.0269824463580257,-0.027850633682601236,,
2014-10-16,0.0092025189311419,0.009569540191196553,,
2014-10-17,0.0049495627411644,0.0030928374367006958,,
2014-10-20,-0.0038051796294308,-0.0040337913938018645,,
2014-10-21,0.0364969860590882,0.03553933404276862,,
2014-10-22,-0.0046053318937802,-0.006655760321490632,,
2014-10-23,0.0132063548136006,0.013477839224709916,,
2014-10-24,0.0032745162968384,0.0013244244983082751,,
2014-10-27,0.0043494088137999,0.00424753163681827,,
2014-10-28,0.0271154678977618,0.025756379120334374,,
2014-10-29,0.0129395055931408,0.01151900392287273,,
2014-10-30,-0.0034806857277976,-0.0043078139984579706,,
2014-10-31,0.0100607960498368,0.00948403628356311,,
2014-11-03,0.003101846360849,0.0018322172387299817,,
2014-11-04,0.0109515126035944,0.010408937509232073,,
2014-11-05,0.0040760926000515,0.0027492395126823676,,
2014-11-06,0.0064200254298965,0.0058770730806130276,,
2014-11-07,-0.0006738544729164,-0.0018236901867434905,,
2014-11-10,0.0,-0.00047405768317030045,,
2014-11-11,-0.0026999678906294,-0.00364466530361155,,
2014-11-12,0.0057287435527619,0.00519883546561236,,
2014-11-13,-0.0162605208717802,-0.017391967456288644,,
2014-11-14,-0.0047928883260388,-0.004671015567497095,,
2014-11-17,-0.0086162862889213,-0.009765867383016553,,
2014-11-18,0.0050064843458857,0.004842086489080548,,
2014-11-19,-0.0109233855969818,-0.01226699626143867,,
2014-11-20,0.0107509272021482,0.010804110079957135,,
2014-11-21,0.0065326001610517,0.004821835117894216,,
2014-11-24,0.0051273398947108,0.004741000058682874,,
2014-11-25,-0.0107979453467858,-0.01200033403587036,,
2014-11-26,-0.0043174231644139,-0.0043619931523332664,,
2014-11-28,-0.0291504398038231,-0.03020912507452175,,
2014-12-01,-0.0289246484059241,-0.028347795003646654,,
2014-12-02,0.0098558928861112,0.009348501000570563,,
2014-12-03,0.0119156491971588,0.010608400786837705,,
2014-12-04,-0.0014367818563846,-0.002298439306554224,,
2014-12-05,0.0276515313305317,0.02701774510741477,,
2014-12-08,-0.0038535693159949,-0.005771900124037931,,
2014-12-09,-0.0075751265076488,-0.00741982758482929,,
2014-12-10,-0.0270650089370221,-0.028128036524794123,,
2014-12-11,-0.0040051027504534,-0.003506744903145719,,
2014-12-12,-0.0158120595350805,-0.017239926666054447,,
2014-12-15,-0.0059479729260917,-0.00564868492770234,,
2014-12-16,-0.0029873061797427,-0.004208486631856377,,
2014-12-17,0.0262055962817451,0.025868696555174313,,
2014-12-18,0.0269558099885522,0.024898668126816823,,
2014-12-19,0.0067149925407874,0.005759719057049254,,
2014-12-22,-0.0074244640143318,-0.008314687168358289,,
2014-12-23,0.0123436587548637,0.0119622299088823,,
2014-12-24,-0.0003505696793008,-0.0018376897813802426,,
2014-12-26,0.001401541925274,0.0011366522504266193,,
2014-12-29,0.0055866067086534,0.0044496993774725555,,
2014-12-30,-0.0017424642847536,-0.0024692379992990003,,
2014-12-31,-0.0055963769706756,-0.00630693067805645,,
2015-01-02,-0.0077465176111145,-0.00831739894438981,,
2015-01-05,-0.0381890786277984,-0.03876792549640096,,
2015-01-06,-0.0389416481660653,-0.038327719934613876,,
2015-01-07,0.0093112311678083,0.009170215292670094,,
2015-01-08,0.0140860625604475,0.012559152861208147,,
2015-01-09,-0.028373380551155,-0.02917526711843067,,
2015-01-12,-0.0156630873028013,-0.015285402541858215,,
2015-01-13,-0.0171011538571434,-0.0179949055381314,,
2015-01-14,-0.01719698448967,-0.017198614053018826,,
2015-01-15,-0.0121754750830419,-0.012759975227575097,,
2015-01-16,0.0117720052369538,0.011374883044374732,,
2015-01-20,-0.0158636639731797,-0.01731816532280072,,
2015-01-21,0.0024570036930476,0.0027758178848675554,,
2015-01-22,0.0329877054792295,0.03142581499695834,,
2015-01-23,-0.0183711236963863,-0.019887345282000854,,
2015-01-26,0.0124175438962923,0.012874755599844726,,
2015-01-27,-0.0164563215995035,-0.018497766302723106,,
2015-01-28,-0.0345855796497581,-0.033857705784958864,,
2015-01-29,0.0155879702065692,0.015202103767575798,,
2015-01-30,-0.0118246373100662,-0.013435397227082507,,
2015-02-02,0.0271733475090507,0.027437349599783445,,
2015-02-03,0.0272452749771715,0.024755263079225542,,
2015-02-04,-0.0191546159570189,-0.019836550457006514,,
2015-02-05,0.0348412121247161,0.03478040735296219,,
2015-02-06,0.0150611072474747,0.012485553273763987,,
2015-02-09,-0.0111776072210973,-0.011328000487929419,,
2015-02-10,-0.0050514970445,-0.005772989215005493,,
2015-02-11,-0.0062524627293443,-0.006837406835003975,,
2015-02-12,0.0293570715437404,0.028729189794481653,,
2015-02-13,0.0019015027596775,-8.724211238383961e-05,,
2015-02-17,0.0118970339118432,0.011874132846624181,,
2015-02-18,-0.0210894108539297,-0.022794856026653564,,
2015-02-19,-0.0030769255044619,-0.0023892531331773854,,
2015-02-20,0.0141520816723272,0.012563524685202655,,
2015-02-23,-0.0007598784560124,-0.001523804614373834,,
2015-02-24,0.0056850636346148,0.00496060945946482,,
2015-02-25,0.0,-0.0010018202084168624,,
2015-02-26,-0.0011344300706441,-0.0017321008135877114,,
2015-02-27,0.0114738397845287,0.01065467641590497,,
2015-03-02,0.0139290951098576,0.012763735244878692,,
2015-03-03,-0.004065797506222,-0.005099295553962531,,
2015-03-04,0.0086660448312787,0.008247806806321473,,
2015-03-05,0.0067697632985485,0.005450307293362838,,
2015-03-06,-0.0029218428383856,-0.0035747368036178786,,
2015-03-09,0.0043795690440341,0.0036664427240955325,,
2015-03-10,-0.0337006526518769,-0.034658995223804265,,
2015-03-11,0.0197657003561297,0.020454073881336427,,
2015-03-12,0.0348366141223048,0.03235652543752047,,
2015-03-13,-0.016178673937177,-0.017163264813557507,,
2015-03-16,-0.0054515853715167,-0.005429469364741165,,
2015-03-17,-0.003285273989713,-0.004343565518136576,,
2015-03-18,-0.0078921213525964,-0.0083245041254073,,
2015-03-19,-0.0233023872144362,-0.02396662299904943,,
2015-03-20,0.0348441476545988,0.03493350610571132,,
2015-03-23,-0.0069457416871514,-0.009620148982320137,,
2015-03-24,-0.0062557701713852,-0.005482695367971206,,
2015-03-25,-0.0227749250281825,-0.02429563388280806,,
2015-03-26,0.0093967990820057,0.010028749759085728,,
2015-03-27,-0.0116652310566597,-0.013703737600046551,,
2015-03-30,0.0217155669101808,0.022254612597646377,,
2015-03-31,0.0,-0.0024579617495971108,,
2015-04-01,-0.0025959591808449,-0.002236153926597369,,
2015-04-02,0.0066617566870668,0.005270024428220064,,
2015-04-06,-0.0077763769027748,-0.00837753286495857,,
2015-04-07,0.0114582661873727,0.010900490980328921,,
2015-04-08,0.0022026440623299,0.0008660176962879493,,
2015-04-09,0.0096707258569492,0.009207281433489017,,
2015-04-10,-0.0074729227744821,-0.008801845338257706,,
2015-04-13,0.0116407280283763,0.011549653338152393,,
2015-04-14,-0.0076239251106535,-0.00927454491237221,,
2015-04-15,0.0173414750365002,0.017467820651610535,,
2015-04-16,-0.0050269405679824,-0.007042904722775807,,
2015-04-17,-0.0141383540512053,-0.013873084807084244,,
2015-04-20,0.0025524170648237,0.0016731049473045641,,
2015-04-21,-0.0089621084536673,-0.009739901096357171,,
2015-04-22,0.0244999097532266,0.02410453513826461,,
2015-04-23,-0.0068357884461031,-0.008787943216561053,,
2015-04-24,-0.0032543872512115,-0.002960513877080181,,
2015-04-27,-0.0045376246294324,-0.00586031913009648,,
2015-04-28,0.0142691845796746,0.0140595112807981,,
2015-04-29,0.0145987994211797,0.012923629562001764,,
2015-04-30,0.0015894043080797,0.0008650037916565933,,
2015-05-01,-0.0005295207960424,-0.001371608234629571,,
2015-05-04,0.0150694984178274,0.014387452613677866,,
2015-05-05,-0.0038334251508929,-0.005229209208034213,,
2015-05-06,0.0048763593667493,0.004687275410497799,,
2015-05-07,-0.0069735289574969,-0.00829583138414345,,
2015-05-08,0.0048865716783102,0.0047716630501023925,,
2015-05-11,0.0,-0.0013714742839175818,,
2015-05-12,0.0062478509383633,0.005893243726365276,,
2015-05-13,0.0082702056486609,0.00700324124170424,,
2015-05-14,0.0006861063733948,-5.9834017123880476e-05,,
2015-05-15,-0.0145080264895677,-0.015300713675414591,,
2015-05-18,0.0148509032287385,0.014681663783684941,,
2015-05-19,0.0109104389475634,0.009185989751275318,,
2015-05-20,-0.0109328044878481,-0.011480922026024147,,
2015-05-21,-0.0006872852504038,-0.001156806061411497,,
2015-05-22,-0.0024092250510944,-0.003330095263044377,,
2015-05-26,-0.0020696799385082,-0.0026265970615049583,,
2015-05-27,0.0103058280744437,0.00949635071061821,,
2015-05-28,-0.0047961722634749,-0.0059223379900913775,,
2015-05-29,-0.0082759093038584,-0.008604723050730529,,
2015-06-01,-0.0097425961988173,-0.010459961865206905,,
2015-06-02,0.0649754885904405,0.06457082676448907,,
2015-06-03,0.0130210173029632,0.009496052695480015,,
2015-06-04,-0.0042132617828198,-0.0036597944180036205,,
2015-06-05,0.0335333990397771,0.03207741511922194,,
2015-06-08,-0.0009426552151213,-0.0025498019661071977,,
2015-06-09,0.0015705987208575,0.0014077284889526275,,
2015-06-10,0.0171157126715431,0.01590512839111414,,
2015-06-11,-0.0146078743665796,-0.01573594254302305,,
2015-06-12,0.0003130380366854,0.0003682210654734442,,
2015-06-15,0.0053067082549923,0.004001800863007471,,
2015-06-16,0.0043491836185171,0.0037437957962987854,,
2015-06-17,-0.0109086324069011,-0.011936632388884129,,
2015-06-18,0.0034412672784079,0.0032863469830066087,,
2015-06-19,-0.015421234011605,-0.016710018847005837,,
2015-06-22,0.0174491576455188,0.01764174726501974,,
2015-06-23,0.0094611019807618,0.0073973789265765625,,
2015-06-24,-0.0065045916190078,-0.006773084577412265,,
2015-06-25,0.0009318217788622,0.00010569504867723189,,
2015-06-26,0.0088092680031916,0.008059721660362746,,
2015-06-29,-0.030463966356626,-0.0315711598332276,,
2015-06-30,0.0067979077687502,0.007457896923542786,,
2015-07-01,0.0065955012958802,0.004639938696196907,,
2015-07-02,-0.0141868709804204,-0.014414699560689498,,
2015-07-06,-0.0097312724541832,-0.010284458838116423,,
2015-07-07,-0.0210602308291979,-0.02157328935840474,,
2015-07-08,-0.0262081677988692,-0.026305679467170235,,
2015-07-09,0.0219423696976486,0.021772434482706868,,
2015-07-10,0.0201829767709962,0.01818235323019647,,
2015-07-13,0.0089830568780244,0.008254822397158818,,
2015-07-14,-0.0060868360281145,-0.007214822325552257,,
2015-07-15,0.0124542564589825,0.012176987469565803,,
2015-07-16,0.0003173092205031,-0.0012426148077659164,,
2015-07-17,-0.0351933010808024,-0.03543637239358809,,
2015-07-20,0.0045901719938795,0.004866450649261078,,
2015-07-21,0.029650899210186,0.02803376467023691,,
2015-07-22,0.0138759716137553,0.01252624124895033,,
2015-07-23,-0.0107053919127115,-0.011615586087735207,,
2015-07-24,-0.0063512439601308,-0.006591554897290956,,
2015-07-27,-0.0137933221323258,-0.014643961716220434,,
2015-07-28,0.0033857347941344,0.003226721569776858,,
2015-07-29,0.0075363140304616,0.006252386745905701,,
2015-07-30,0.003508216004439,0.00280205790287341,,
2015-07-31,-0.0070287829308586,-0.007957716695093849,,
2015-08-03,-0.0112849819245735,-0.011656392040858977,,
2015-08-04,-0.0003243067970779,-0.0008962822444645129,,
2015-08-05,0.0132110830734327,0.012343421744094129,,
2015-08-06,-0.0073895918591184,-0.008590830545112563,,
2015-08-07,-0.0093958248328931,-0.009574107856610097,,
2015-08-10,0.0257083567102035,0.02493569750306236,,
2015-08-11,-0.0283159201172842,-0.03006713441070124,,
2015-08-12,-0.0217758521979189,-0.02077618490823895,,
2015-08-13,0.0046589102572235,0.003594631741097104,,
2015-08-14,0.012537280681688,0.011798939001420788,,
2015-08-17,-0.0039421864457385,-0.005202173953987883,,
2015-08-18,0.0091743762760399,0.008900242901864995,,
2015-08-19,-0.0168071183163879,-0.018241158918276348,,
2015-08-20,-0.0434703415455285,-0.04312817785904303,,
2015-08-21,-0.0235304974101806,-0.023316156022765707,,
2015-08-24,-0.043951144862727,-0.04443059049672959,,
2015-08-25,-0.0153417415058721,-0.014568400767878836,,
2015-08-26,0.0435332478756251,0.04236679987392715,,
2015-08-27,0.0389429739486299,0.036755359546830714,,
2015-08-28,0.004158010148657,0.002820919320783083,,
2015-08-31,0.0027624326959173,0.002223016572270925,,
2015-09-01,-0.0473085037498707,-0.04831798522297198,,
2015-09-02,0.0193346517074615,0.020587481522341303,,
2015-09-03,0.0112836176020213,0.008449189338250819,,
2015-09-04,-0.0180440062740855,-0.0178768219722263,,
2015-09-08,0.0236384264594246,0.0229759654741107,,
2015-09-09,-0.0129849166076144,-0.014727844843827758,,
2015-09-10,0.0091421171188708,0.009538287062297746,,
2015-09-11,-0.0080829819801464,-0.009956517582376341,,
2015-09-14,-0.0038889919971422,-0.003598162205853946,,
2015-09-15,0.0182525249779563,0.016956587135166432,,
2015-09-16,0.0141601398970873,0.013043849332880761,,
2015-09-17,-0.0345403252521571,-0.03561510133898663,,
2015-09-18,-0.0251630817811198,-0.02436539330117348,,
2015-09-21,0.0133793353590398,0.012579999473965889,,
2015-09-22,-0.0101083893207327,-0.011361118312379332,,
2015-09-23,-0.0007259528449602,-0.0007643208797702035,,
2015-09-24,0.002900654680645,0.0016977912728012813,,
2015-09-25,0.0204271571448788,0.01984852901753104,,
2015-09-28,-0.030799372779083,-0.03247215596308451,,
2015-09-29,0.0016448875133375,0.0026898602535965544,,
2015-09-30,0.0058266734402214,0.003818982262918394,,
2015-10-01,-0.0003631741459799,-0.00052673463791949,,
2015-10-02,-0.0076572844519515,-0.008791980085079984,,
2015-10-05,0.0195729336490764,0.019361338143737642,,
2015-10-06,0.0096446541500905,0.007763853658175039,,
2015-10-07,0.020757121678273,0.020361189021335224,,
2015-10-08,0.0013917886728085,-0.00041399630401446836,,
2015-10-09,-0.0157704337290127,-0.015893755336491296,,
2015-10-12,0.0056358021661171,0.005075671314935497,,
2015-10-13,0.0007022472198816,-0.00040570102965895364,,
2015-10-14,-0.0245171278132229,-0.025072408826090267,,
2015-10-15,0.0157033919284373,0.015768493865961197,,
2015-10-16,-0.0031920580393368,-0.005103851654010944,,
2015-10-19,-0.0089206657583895,-0.008795470293355393,,
2015-10-20,0.0163530128366052,0.015362267871085801,,
2015-10-21,-0.0300666885987729,-0.03130955837924591,,
2015-10-22,0.0140720344831022,0.014805739217135802,,
2015-10-23,0.0240719587859635,0.021784167748850187,,
2015-10-26,-0.003503857824386,-0.0041949730185480635,,
2015-10-27,-0.0152080738355019,-0.015873364154984203,,
2015-10-28,0.0459690960714144,0.045743395909318835,,
2015-10-29,0.0033978965754221,0.0004966795237224134,,
2015-10-30,-0.024378889757687,-0.023860173929139656,,
2015-11-02,0.0148355317107793,0.014189041762906484,,
2015-11-03,-0.007907897492976,-0.009317934227742842,,
2015-11-04,0.0048209459762767,0.00480017533877115,,
2015-11-05,0.0204019317169862,0.01897111763624614,,
2015-11-06,0.0324531791571217,0.03134172909027888,,
2015-11-09,-0.0048995688411506,-0.006691123068071793,,
2015-11-10,0.0078278286202343,0.007940569979310199,,
2015-11-11,-0.0097943975923055,-0.011430297417190278,,
2015-11-12,-0.0235695557907343,-0.023368220982184378,,
2015-11-13,-0.0097891077065449,-0.01025847731987818,,
2015-11-16,0.0074349784874948,0.006869062911201195,,
2015-11-17,0.0037043315637578,0.00253000274185056,,
2015-11-18,0.0156748248529497,0.015046083276747271,,
2015-11-19,-0.0096426349799691,-0.011097082120341835,,
2015-11-20,0.0,7.610170070941689e-05,,
2015-11-23,-0.0020066896366042,-0.0033131406221596164,,
2015-11-24,0.0026746923334376,0.0023556086827634594,,
2015-11-25,-0.0003339455699673,-0.0014848824926886658,,
2015-11-27,0.0049975116504755,0.004510918513673746,,
2015-11-30,-0.0043297319929568,-0.005461135318739875,,
2015-12-01,0.014908343040267,0.014564777818252921,,
2015-12-02,-0.0155761226977859,-0.017188185837743827,,
2015-12-03,-0.0158225822418736,-0.015411381094325466,,
2015-12-04,0.0241379469691231,0.023228378572073598,,
2015-12-07,-0.0429773464281549,-0.044577276715139544,,
2015-12-08,-0.0323288871153674,-0.030856766307939383,,
2015-12-09,-0.0075282664208123,-0.00849153897314589,,
2015-12-10,0.01464573418967,0.014316387720433225,,
2015-12-11,-0.0302398851897287,-0.03185105363485892,,
2015-12-14,-0.0150987953993212,-0.014116162129517825,,
2015-12-15,0.0350017501931944,0.033688206193260406,,
2015-12-16,0.0106914774656831,0.008933391229144758,,
2015-12-17,-0.0160803893752781,-0.016597847611703548,,
2015-12-18,-0.0385581085167663,-0.03884698640399835,,
2015-12-21,0.0022438304104088,0.0026814870342799168,,
2015-12-22,0.0144634451582311,0.012831726342029608,,
2015-12-23,0.0186034911083323,0.017855799703458665,,
2015-12-24,0.0039675435273687,0.0024770663564879832,,
2015-12-28,-0.0050523384267057,-0.005483466465864331,,
2015-12-29,0.0061316693463898,0.005355831096522601,,
2015-12-30,-0.0123011681386986,-0.01328662279153301,,
2015-12-31,-0.0062077979162537,-0.006336372015447985,,
2016-01-04,-0.0218486750690728,-0.02277838215662251,,
2016-01-05,-0.0109167280276713,-0.010709518748085308,,
2016-01-06,-0.0295777274774044,-0.030544535444530514,,
2016-01-07,-0.0304793037458037,-0.029946195526789437,,
2016-01-08,-0.0113178249326516,-0.01173580673791628,,
2016-01-11,-0.0201197507452515,-0.02065982211758826,,
2016-01-12,-0.004156281959893,-0.00427271881373007,,
2016-01-13,-0.047770276268688,-0.04878799194504549,,
2016-01-14,0.0043592048105889,0.005635462308078686,,
2016-01-15,-0.0286805451339994,-0.030946199155513034,,
2016-01-19,-0.0180673387940006,-0.016715181449373964,,
2016-01-20,-0.0216548429563875,-0.02309556475039718,,
2016-01-21,-0.0178576174000149,-0.01732195508458677,,
2016-01-22,0.0197189487889623,0.018806926718905805,,
2016-01-25,-0.0534733586932774,-0.05489929436836649,,
2016-01-26,0.0413123107840511,0.04307946278184563,,
2016-01-27,0.0246352221344028,0.02060527573815704,,
2016-01-28,0.0168453789863501,0.017277833830377648,,
2016-01-29,0.0236459823683749,0.02144809043437825,,
2016-02-01,-0.0079681696491475,-0.008701780425214047,,
2016-02-02,-0.0436036374821399,-0.044066836258779225,,
2016-02-03,0.0108508510102971,0.011599952781416805,,
2016-02-04,0.0125500791543067,0.010377819421959974,,
2016-02-05,-0.0192313619278943,-0.019548985600639106,,
2016-02-08,-0.0429818225736597,-0.04327918366715997,,
2016-02-09,0.0024102204967241,0.003026020373390032,,
2016-02-10,-0.0014454350866505,-0.003200781521146014,,
2016-02-11,-0.0413444710709495,-0.041390280607115935,,
2016-02-12,0.0533264021021359,0.05371292432199549,,
2016-02-16,0.0351077478605028,0.03151696612287426,,
2016-02-17,-0.0041599320447457,-0.004424770922807156,,
2016-02-18,-0.0196451593799091,-0.02056515192487579,,
2016-02-19,0.0112730174547983,0.011387881802038724,,
2016-02-22,0.0366845353047297,0.034912845749962076,,
2016-02-23,-0.0460698693297143,-0.04759234902392881,,
2016-02-24,-0.0255475276668534,-0.02400569738469381,,
2016-02-25,0.0264900348054255,0.0252163904183137,,
2016-02-26,0.0251175995312959,0.023665312074029096,,
2016-02-29,-0.0208872759488477,-0.0221685603787892,,
2016-03-01,0.0453894091468371,0.045790292393573725,,
2016-03-02,0.0230404520972241,0.019749842448437194,,
2016-03-03,0.0314748982416948,0.03148341779096487,,
2016-03-04,0.032570728775983,0.030080907996247123,,
2016-03-07,0.004100046744048,0.003210245326690565,,
2016-03-08,-0.0315903242876206,-0.03242159142913754,,
2016-03-09,-0.0042319149065728,-0.0037094210145143906,,
2016-03-10,0.0234713205601636,0.022036430678489892,,
2016-03-11,0.0322016818660889,0.030973177666836257,,
2016-03-14,-0.0040192980153845,-0.005724073404029059,,
2016-03-15,0.0,2.1341934963985273e-05,,
2016-03-16,-0.0012089463491571,-0.0024793904220393407,,
2016-03-17,0.0084320917185974,0.008058212705614149,,
2016-03-18,0.0079649963102873,0.006625498641831993,,
2016-03-21,0.0071146545167866,0.006428313827270528,,
2016-03-22,-0.0015766656793922,-0.0026593142294643124,,
2016-03-23,-0.0163057897853348,-0.016788808064736788,,
2016-03-24,0.00320256478691,0.0028998338103608684,,
2016-03-28,-0.0108500160240678,-0.012032297374939415,,
2016-03-29,-0.0171153322192803,-0.017171092419977548,,
2016-03-30,0.0122550553369947,0.01170296324307593,,
2016-03-31,-0.0171994411824504,-0.01857088648194205,,
2016-04-01,-0.0016535762345727,-0.0013372674962787842,,
2016-04-04,-0.001241979046025,-0.00264187199208692,,
2016-04-05,-0.0200843571191534,-0.020371829326963506,,
2016-04-06,0.0130171898960518,0.012733277500209826,,
2016-04-07,-0.0283496878746118,-0.02992720311218955,,
2016-04-08,0.0072696492912433,0.008156419194891348,,
2016-04-11,0.0105955642665962,0.008472481303047522,,
2016-04-12,0.0319462968345613,0.03167258121033953,,
2016-04-13,0.033724593049532,0.03140196525172405,,
2016-04-14,0.0098213321370764,0.008776582881947083,,
2016-04-15,-0.0015649455463008,-0.0025175100774495816,,
2016-04-18,0.0070230487650531,0.0064540374289889756,,
2016-04-19,0.0219197393723537,0.020763515160921047,,
2016-04-20,0.0233093259970237,0.02195811288744066,,
2016-04-21,-0.0070856160703764,-0.008362822098932451,,
2016-04-22,0.0207414843068192,0.020601295267088714,,
2016-04-25,0.0003665017450036,-0.0016068357132233715,,
2016-04-26,0.0058458332352826,0.005872680163329669,,
2016-04-27,0.0141076675106739,0.012605562875847224,,
2016-04-28,-0.011924260529734,-0.012743300288951502,,
2016-04-29,0.0003634381286774,0.00011073621162856358,,
2016-05-02,-0.0007270083926161,-0.0018314341891186242,,
2016-05-03,-0.0246653402350071,-0.025167183413958776,,
2016-05-04,-0.0341200648869404,-0.03408431899911579,,
2016-05-05,-0.0019301299178893,-0.0018790516182457815,,
2016-05-06,0.0042413790207114,0.0030266746661324895,,
2016-05-09,0.0011536244309389,0.0005304817655440291,,
2016-05-10,0.0242988416662011,0.02340717220233501,,
2016-05-11,0.0,-0.0016179759691574052,,
2016-05-12,-0.0098003045982757,-0.009992826298522583,,
2016-05-13,-0.0198935405195757,-0.02064105878312505,,
2016-05-16,0.013814494443204,0.01382563862501305,,
2016-05-17,0.0007619047987604,-0.0010407250370027244,,
2016-05-18,0.0425914205287416,0.0424905954932223,,
2016-05-19,-0.0147386603136089,-0.01759022801856075,,
2016-05-20,0.0085012524560527,0.009694812758081803,,
2016-05-23,-0.0011047690315173,-0.0034776236929850383,,
2016-05-24,0.0157195706289526,0.016066510358572095,,
2016-05-25,0.0215293568525918,0.019431611591879224,,
2016-05-26,-0.0117837464220727,-0.012500640272301095,,
2016-05-27,0.0114286958236265,0.011103347225483087,,
2016-05-31,-0.0049839903809689,-0.006472293773978361,,
2016-06-01,0.0131184295760208,0.013035063615119307,,
2016-06-02,0.0098143094104105,0.008100976953827502,,
2016-06-03,-0.0115770456327543,-0.012089713862679798,,
2016-06-06,0.0274943367088106,0.02702663772354795,,
2016-06-07,-0.0034387929348013,-0.005460201256610367,,
2016-06-08,0.0027519797209767,0.002958876503795517,,
2016-06-09,-0.0141846349919498,-0.015684441695082797,,
2016-06-10,-0.0250498192382324,-0.024766712255923303,,
2016-06-13,-0.016934290462218,-0.01739968504434216,,
2016-06-14,-0.025765135211586,-0.02605493727451414,,
2016-06-15,0.003721626922991,0.0036608486433186383,,
2016-06-16,-0.0183697761603421,-0.019731400021968003,,
2016-06-17,0.0075386712096359,0.00789417566182207,,
2016-06-20,0.0015009383681108,-0.000283308907435614,,
2016-06-21,0.005608539659604,0.005466798249479819,,
2016-06-22,0.0055772592981006,0.004195265394736547,,
2016-06-23,0.0431773941381916,0.042612140071631374,,
2016-06-24,-0.1074934706079571,-0.11006251446549202,,
2016-06-27,-0.0695861672623073,-0.06496009537833382,,
2016-06-28,0.033350318808256,0.0317665607009221,,
2016-06-29,0.0243025326190499,0.022786544716343823,,
2016-06-30,0.0055866067086263,0.0043790031149932174,,
2016-07-01,-0.0083916576362484,-0.009071945502765718,,
2016-07-05,-0.0612267292104497,-0.061708470212389586,,
2016-07-06,0.023193112142812,0.02464186747085604,,
2016-07-07,0.0173558075532653,0.014242034663238767,,
2016-07-08,0.0134284825594438,0.013542477259606722,,
2016-07-11,0.00765053057115,0.005795330057043613,,
2016-07-12,0.0269110026759656,0.026576025926665525,,
2016-07-13,-0.002345583561726,-0.004431507144502562,,
2016-07-14,0.0182281564346441,0.018434829657826883,,
2016-07-15,-0.0003843936238063,-0.002487765310798937,,
2016-07-18,-0.0057837061168433,-0.0056420642982594115,,
2016-07-19,0.000773096289003,-0.0003508328896197451,,
2016-07-20,0.0034715560419461,0.002924019421032065,,
2016-07-21,0.0011545123468082,0.00012270817624276107,,
2016-07-22,0.011852557030716,0.01122956553187541,,
2016-07-25,-0.0003801558684514,-0.0016892806415486322,,
2016-07-26,0.0109662660711915,0.01058549090575637,,
2016-07-27,0.0509547639824248,0.049520944929117,,
2016-07-28,0.0057020824489095,0.0034007692810798726,,
2016-07-29,-0.009282465793918,-0.00924809695233551,,
2016-08-01,-0.0191930570243363,-0.020109966059625856,,
2016-08-02,-0.0113992776932233,-0.011304077000426844,,
2016-08-03,0.0157772489323892,0.01490291528827662,,
2016-08-04,0.0094203595205028,0.008123404306302661,,
2016-08-05,0.0409806548504617,0.040209568225250514,,
2016-08-08,-0.0052056338272601,-0.007553641022175748,,
2016-08-09,0.0020855064910264,0.0025760790510078414,,
2016-08-10,-0.017160288018104,-0.0188206252730514,,
2016-08-11,-0.0010602580954208,-0.0005555177409763515,,
2016-08-12,-0.0049627893421171,-0.006509729036287548,,
2016-08-15,0.0172630674237572,0.017217430331307546,,
2016-08-16,0.0031386250700249,0.0012388055901953491,,
2016-08-17,0.0017442879008018,0.0016146554982542551,,
2016-08-18,0.0135020226720565,0.012262807620803708,,
2016-08-19,0.0051449264578269,0.0041766511056326085,,
2016-08-22,0.0010258164688218,0.0002053894963474221,,
2016-08-23,0.0006832935011429,-7.366732855474127e-05,,
2016-08-24,0.0,-0.0007853310431256495,,
2016-08-25,0.0047700260801836,0.004030004354484375,,
2016-08-26,0.0084617191294469,0.0075058300651141985,,
2016-08-29,0.0113942251495476,0.010436268504971955,,
2016-08-30,0.0106066622482062,0.009535670657346035,,
2016-08-31,0.0085358364623184,0.007569892367118176,,
2016-09-01,-0.0006540222600788,-0.0016082585389743844,,
2016-09-02,0.0129998580823674,0.012396411679893303,,
2016-09-06,-0.0189053870563984,-0.020272118775738153,,
2016-09-07,0.0062325935722255,0.00661235036958511,,
2016-09-08,0.0035906681307002,0.0018414228250437118,,
2016-09-09,-0.0039177327288947,-0.004164007959239261,,
2016-09-12,0.0120307092421776,0.011089062315139142,,
2016-09-13,-0.022553660668063,-0.023660205285370665,,
2016-09-14,-0.006966357580904,-0.0066153691171285,,
2016-09-15,0.0102666906095772,0.009051241152875596,,
2016-09-16,-0.0149380371088735,-0.015795731920534073,,
2016-09-19,0.0,-0.00010971978703269291,,
2016-09-20,-0.0010038481686205,-0.002188113494853809,,
2016-09-21,0.0040093605328922,0.003570814570509722,,
2016-09-22,0.0096234358083244,0.008498986291074935,,
2016-09-23,0.0108393243880871,0.009946885984885365,,
2016-09-26,-0.0194629267520152,-0.020555353229673078,,
2016-09-27,0.0129076754839678,0.01312881386062566,,
2016-09-28,0.0143652486621094,0.012459912774001894,,
2016-09-29,-0.0107545439351215,-0.011318489731014776,,
2016-09-30,0.0162499513321186,0.015783884497941103,,
2016-10-03,0.0028971531611476,0.0013133051711937153,,
2016-10-04,0.0092785820046566,0.008950604297232993,,
2016-10-05,0.0132871299954417,0.011884429396363482,,
2016-10-06,-0.0044094559634186,-0.005261849728629714,,
2016-10-07,0.0015770386488868,0.0010531225437831553,,
2016-10-10,0.0025181001659546,0.0015446679355103376,,
2016-10-11,-0.0161626082149486,-0.01687717414364206,,
2016-10-12,-0.0028795412634143,-0.0030356050397488997,,
2016-10-13,-0.0276126037552648,-0.028654067544285084,,
2016-10-14,0.0163348944075679,0.016840434315403854,,
2016-10-17,-0.0068281845527825,-0.00905421952241751,,
2016-10-18,0.0168234313970176,0.017297096217940244,,
2016-10-19,0.0284649199258317,0.026240786807021767,,
2016-10-20,0.0059070589920097,0.005002720431390406,,
2016-10-21,0.0024767814518727,0.0015845831586238615,,
2016-10-24,0.0027790661702611,0.002012697223503631,,
2016-10-25,-0.0108511373209043,-0.011712036361140543,,
2016-10-26,0.0018685773110494,0.0016015380918914224,,
2016-10-27,0.0074395879401406,0.006285875389364927,,
2016-10-28,-0.008996493127718,-0.009784499845225385,,
2016-10-31,0.0037325082213352,0.003345191117777848,,
2016-11-01,0.0009309542953184,-0.0002163806465607874,,
2016-11-02,-0.0405118689169042,-0.04105017313828461,,
2016-11-03,0.0067600450577074,0.007437924743903774,,
2016-11-04,0.0070332770746256,0.005067427668237425,,
2016-11-07,0.0270286723879142,0.026790530581189954,,
2016-11-08,0.0046403795564941,0.0024861926222765895,,
2016-11-09,0.0662731269497841,0.06625217002609315,,
2016-11-10,0.055616690659273,0.051788803768743424,,
2016-11-11,0.0100585325412204,0.009149564805103736,,
2016-11-14,0.040811174878276,0.03976007515169847,,
2016-11-15,0.0085503824457944,0.00639310723110197,,
2016-11-16,-0.0341150900066007,-0.034286542011534776,,
2016-11-17,0.011941232512285,0.012128358315740948,,
2016-11-18,0.0078823319305722,0.006037060866051819,,
2016-11-21,0.0085994015274195,0.00824885336958147,,
2016-11-22,0.0031088107939672,0.0017474454720408364,,
2016-11-23,0.0118283713864165,0.011345845131845528,,
2016-11-25,-0.000511378175297,-0.0019119214567324492,,
2016-11-28,-0.0178046246334966,-0.018120169312341818,,
2016-11-29,0.0023403989359271,0.0019860150524220457,,
2016-11-30,0.0329573831451021,0.03184269814129534,,
2016-12-01,0.0154616546515337,0.013652558983255323,,
2016-12-02,-0.0042157532989023,-0.004885751028024395,,
2016-12-05,0.0076742547699449,0.007022849218176388,,
2016-12-06,0.03322725945137,0.03209981002674745,,
2016-12-07,0.0087876114715944,0.006976381325341359,,
2016-12-08,0.0187403001433661,0.018332054455241713,,
2016-12-09,0.0032437470517734,0.0015247328518020078,,
2016-12-12,-0.0177367543543533,-0.01798937475839781,,
2016-12-13,-0.0056670753793327,-0.006065482252723358,,
2016-12-14,-0.0007106479038867,-0.0014840213888980037,,
2016-12-15,0.0197096948115805,0.01898953222165792,,
2016-12-16,-0.0237462668365009,-0.02529799742238545,,
2016-12-19,0.0158152712175438,0.016505511209660633,,
2016-12-20,0.0279431643390489,0.025615951123010263,,
2016-12-21,-0.0061679236087614,-0.00698412932578135,,
2016-12-22,0.0022888542837536,0.0018097392425769827,,
2016-12-23,0.0027397277411227,0.0017090695756701363,,
2016-12-27,0.0015947149979475,0.000909132098853743,,
2016-12-28,-0.0149068234494755,-0.015774642314459863,,
2016-12-29,-0.0113862041094874,-0.011490484511185175,,
2016-12-30,0.0058254854248084,0.005081809232866229,,
2017-01-03,0.0032475092331353,0.0022528506015219913,,
2017-01-04,0.0142563922957286,0.013527330039753756,,
2017-01-05,-0.0163428657546452,-0.01767601591104666,,
2017-01-06,0.0064770062195106,0.006734719995269003,,
2017-01-09,-0.0108961319132899,-0.012574662979080792,,
2017-01-10,0.0152674721307787,0.015539816505464371,,
2017-01-11,0.0082304991365229,0.006199439508750688,,
2017-01-12,-0.0218675994143678,-0.022109565257338114,,
2017-01-13,0.0202725210312833,0.020028248940646722,,
2017-01-17,-0.0485963403091045,-0.050482944819773945,,
2017-01-18,0.0168549984245904,0.01873481191225463,,
2017-01-19,-0.0040099122017109,-0.007159880243959627,,
2017-01-20,0.0035389915431371,0.004510243976203122,,
2017-01-23,-0.0035389915431372,-0.005572095757498351,,
2017-01-24,0.0058913803014181,0.006109876298290713,,
2017-01-25,0.0167757895048289,0.015145890573432333,,
2017-01-26,0.0043804104624784,0.0035413198941507042,,
2017-01-27,-0.008084118399943,-0.008959666857419519,,
2017-01-30,-0.0201459144128489,-0.020511259971115695,,
2017-01-31,-0.0016577860516649,-0.0018880920582705473,,
2017-02-01,0.0063792301388686,0.00533892423329896,,
2017-02-02,-0.0163840777660167,-0.01720529063289059,,
2017-02-03,0.0362051767174365,0.0361278772437644,,
2017-02-06,-0.0078813574396153,-0.010499272487935488,,
2017-02-07,-0.00349691462537,-0.002724488371727833,,
2017-02-08,-0.0152962154030819,-0.016924118326242577,,
2017-02-09,0.022973349770989,0.023384047324249008,,
2017-02-10,0.0096864225998991,0.007263790297257783,,
2017-02-13,0.0116373247153187,0.011596040541356803,,
2017-02-14,0.0242055744368011,0.022522347978949912,,
2017-02-15,0.0048683433174097,0.003774488554818582,,
2017-02-16,-0.0088692377407822,-0.009596301559417372,,
2017-02-17,-0.0055834874257021,-0.0060158412394397745,,
2017-02-21,0.0053607454713254,0.004606432874525147,,
2017-02-22,-0.0033470967318581,-0.004316632372480721,,
2017-02-23,0.0017865123108023,0.001298180356332689,,
2017-02-24,-0.0060423144559599,-0.007047316185908905,,
2017-02-27,0.0124917975034987,0.012131924098408223,,
2017-02-28,-0.0046661566721062,-0.006173229169927086,,
2017-03-01,0.0356594711083414,0.03557604823279649,,
2017-03-02,-0.034324060271105,-0.03691666142423651,,
2017-03-03,0.0088574538340412,0.010644741588993093,,
2017-03-06,-0.0006615944667211,-0.0034387456902866603,,
2017-03-07,-0.0011036310578307,-0.0005081367134239827,,
2017-03-08,-0.000441793689554,-0.0020467161135227755,,
2017-03-09,0.0004417936895541,0.0002579227007837022,,
2017-03-10,-0.0082049467952787,-0.009357688483190777,,
2017-03-13,0.0026684472138299,0.002490081593735106,,
2017-03-14,-0.0120644894955243,-0.013307710988529784,,
2017-03-15,-0.0094851659640756,-0.009453479850095346,,
2017-03-16,0.0065588836282863,0.005651645756940838,,
2017-03-17,-0.0136180043684444,-0.014533723342908766,,
2017-03-20,-0.0131111711411151,-0.013234230844583734,,
2017-03-21,-0.0559469936761369,-0.05661103222523574,,
2017-03-22,-0.0026970716361542,-0.001334405611794846,,
2017-03-23,0.0039206127162408,0.0018734004653693731,,
2017-03-24,0.0004889975647514,0.00042577763204761174,,
2017-03-27,-0.0031827667950039,-0.004416683148248754,,
2017-03-28,0.0126707348206767,0.012349834245497458,,
2017-03-29,0.000484144284446,-0.0010555347201253525,,
2017-03-30,0.0253299085887319,0.025067017209398756,,
2017-03-31,-0.0090069345567919,-0.011078580302010522,,
2017-04-03,-0.0054912397742907,-0.005034101427828032,,
2017-04-04,-0.0026369426762443,-0.003979733311279985,,
2017-04-05,-0.0147505999344027,-0.015021203080564422,,
2017-04-06,0.0109025913382187,0.010399521648630686,,
2017-04-07,0.0004818116209757,-0.0008691096020889133,,
2017-04-10,-0.014311948353316,-0.01469886513688535,,
2017-04-11,0.0002442897288417,-0.00019941012785221521,,
2017-04-12,-0.0184893717720388,-0.01946356029453122,,
2017-04-13,-0.0185841611692216,-0.018478746878141522,,
2017-04-17,0.0183353120948902,0.017734538526696677,,
2017-04-18,-0.0087489621932382,-0.010325582765026924,,
2017-04-19,0.0037589318787022,0.0038805065047978703,,
2017-04-20,0.0271420559881114,0.02565907197635009,,
2017-04-21,-0.0056145637543521,-0.0069546361312624195,,
2017-04-24,0.0268099622220779,0.026653726071935117,,
2017-04-25,-0.0356617534840077,-0.03786126523696831,,
2017-04-26,0.0168976715555685,0.018478668271431846,,
2017-04-27,-0.0127078933994414,-0.01566304114063523,,
2017-04-28,-0.0156156351957278,-0.014433184966790587,,
2017-05-01,0.0121665063759939,0.010741735553368527,,
2017-05-02,-0.0134163503082227,-0.01421051741000193,,
2017-05-03,0.0141564514891671,0.01394559982920923,,
2017-05-04,0.002954939357707,0.0012849419401554873,,
2017-05-05,0.0019651197677442,0.0016915348438233742,,
2017-05-08,0.010982416668612,0.009829242165657923,,
2017-05-09,-0.006574965851166,-0.007501528977799343,,
2017-05-10,0.0002442897288417,-0.0001463821875615819,,
2017-05-11,-0.0132777952660576,-0.014286851951137852,,
2017-05-12,-0.0062073445743354,-0.006282301955643081,,
2017-05-15,0.009666700631101,0.008701720549779563,,
2017-05-16,0.0049212697748071,0.003922285602754274,,
2017-05-17,-0.0419396052057139,-0.04273111515225245,,
2017-05-18,0.0150187371799132,0.0159188053054051,,
2017-05-19,0.0130523941381256,0.010618281944958029,,
2017-05-22,0.0027393865966388,0.0025743473702043145,,
2017-05-23,0.0277148333444366,0.026460081888973103,,
2017-05-24,-0.0156024618050499,-0.017114950490601532,,
2017-05-25,0.0044128534468823,0.004759607552399378,,
2017-05-26,-0.0105743023909411,-0.012230860545377042,,
2017-05-30,-0.014442482111236,-0.014197140160831786,,
2017-05-31,0.0050037632547977,0.004149417961142284,,
2017-06-01,0.0119078559133635,0.011018021655252631,,
2017-06-02,-0.0111594462488918,-0.012295267535497964,,
2017-06-05,0.0089374974270657,0.00886325832588865,,
2017-06-06,-0.0049554115279622,-0.006511650819027772,,
2017-06-07,0.0045846062582656,0.004544796250685822,,
2017-06-08,0.0230962792907269,0.02168720382233295,,
2017-06-09,0.0226929599460919,0.02146211168307765,,
2017-06-12,0.0138386165297496,0.012506309307683407,,
2017-06-13,0.0046479284232902,0.003727734967726864,,
2017-06-14,0.0023158880197691,0.0014832325765238167,,
2017-06-15,-0.0083624180696453,-0.009161662703024404,,
2017-06-16,0.0053507164998254,0.004946054103695052,,
2017-06-19,0.0060143600216753,0.004815305483687903,,
2017-06-20,-0.0092679069307736,-0.009970502449785843,,
2017-06-21,-0.0147733956677779,-0.015206286713058273,,
2017-06-22,-0.0007089684806011,-0.0011044376210751646,,
2017-06-23,-0.0085470605784726,-0.009515777120624654,,
2017-06-26,0.0094922402329609,0.009206215682538519,,
2017-06-27,0.0047125440653563,0.003273922833582228,,
2017-06-28,0.0100573880148294,0.009563100641563372,,
2017-06-29,0.0234601375737174,0.02213641223320686,,
2017-06-30,-0.0018202507870054,-0.0031214142381369176,,
2017-07-03,0.0185023328711388,0.01817249962320848,,
2017-07-05,0.0002235386172271,-0.0015377522580261236,,
2017-07-06,-0.0139547616766825,-0.014061767676170898,,
2017-07-07,0.0072267703861169,0.006585083554491906,,
2017-07-10,0.0049382816405907,0.003821897707998843,,
2017-07-11,0.0120188404261712,0.011303862278300407,,
2017-07-12,-0.0091121866189695,-0.010367312763086396,,
2017-07-13,0.0046775895510964,0.004601936760158154,,
2017-07-14,-0.0062416609234639,-0.0076307954088127745,,
2017-07-17,-0.0085336246586699,-0.008633137845397345,,
2017-07-18,-0.005881039343516,-0.006739126790121455,,
2017-07-19,-0.0022711797180475,-0.002733946813701176,,
2017-07-20,-0.0031883424868604,-0.004051867234369703,,
2017-07-21,-0.0068665868333471,-0.007430818394662608,,
2017-07-24,0.0177559866326335,0.017138441929141178,,
2017-07-25,0.0074182648834694,0.005875271032564279,,
2017-07-26,0.0225873198743928,0.02205611422991209,,
2017-07-27,-0.0116728558075152,-0.013461087363657757,,
2017-07-28,0.0026548688160062,0.0030296453173682364,,
2017-07-31,0.0013247959544164,-0.0002816107087263151,,
2017-08-01,0.0013230431918921,0.0010712350528883047,,
2017-08-02,0.0074643595749046,0.006321912734781538,,
2017-08-03,-0.0050433173446835,-0.005839698073436703,,
2017-08-04,0.0137541738189462,0.01321815309412348,,
2017-08-07,-0.0078363483293287,-0.009276840536456218,,
2017-08-08,0.00109206082711,0.0010885249092783735,,
2017-08-09,-0.0114161503305252,-0.012712836468266058,,
2017-08-10,-0.0189462927967025,-0.018904742506256927,,
2017-08-11,-0.0074534506545706,-0.007998104447241318,,
2017-08-14,0.0197537287362204,0.019146203843008327,,
2017-08-15,0.0057624272928638,0.0041349148287286785,,
2017-08-16,-0.0002216066491064,-0.000632644890666614,,
2017-08-17,-0.0285508883716113,-0.02952837911148409,,
2017-08-18,0.0015950783830831,0.0020951549003410718,,
2017-08-21,-0.0086897413948739,-0.010337196745176693,,
2017-08-22,0.0102822795542271,0.010448120957610727,,
2017-08-23,-0.0013648773729402,-0.0031314387349164934,,
2017-08-24,0.0101914595167597,0.010149881794858876,,
2017-08-25,0.0071845841150754,0.005557952601989845,,
2017-08-28,-0.009440393779087,-0.00990748836552497,,
2017-08-29,-0.0129561989652129,-0.013537213492318081,,
2017-08-30,0.0025134252920973,0.002144466504467063,,
2017-08-31,-0.0036579830455226,-0.004769834025270909,,
2017-09-01,0.0150036913172306,0.014621065249549155,,
2017-09-05,-0.0358329562821839,-0.03742305467998737,,
2017-09-06,-0.0035141186450237,-0.0023271590788430433,,
2017-09-07,-0.0305003389881797,-0.032400144366690364,,
2017-09-08,0.0074726152231272,0.008655199824030001,,
2017-09-11,0.0258400059091654,0.023514494475447366,,
2017-09-12,0.0138285859457362,0.013093303585986487,,
2017-09-13,-0.0063676047279301,-0.007679976549423767,,
2017-09-14,-0.0091005178305352,-0.009245592829829563,,
2017-09-15,0.0144289214950217,0.01362290691125827,,
2017-09-18,0.0155894949971946,0.014300214110488658,,
2017-09-19,0.0101845397685901,0.009167754415426669,,
2017-09-20,0.0156392821162936,0.014654161702117866,,
2017-09-21,0.0055267079991921,0.00430798183810331,,
2017-09-22,-0.0053050522296932,-0.0059756899316470045,,
2017-09-25,0.0072872134336845,0.006678721280859052,,
2017-09-26,0.0085442517829963,0.0074036830845345914,,
2017-09-27,0.0162288534222212,0.015389112092950106,,
2017-09-28,0.0074842645941718,0.006146946745636756,,
2017-09-29,0.0050998835566514,0.004430862460957334,,
2017-10-02,0.0021172991183137,0.0011018566223289536,,
2017-10-03,-0.0074302432915164,-0.008101550760096249,,
2017-10-04,-0.0051271208234806,-0.005652270749594734,,
2017-10-05,0.0205624626877504,0.01985136508739071,,
2017-10-06,0.0046054090191765,0.0030144520892425837,,
2017-10-09,-0.0113422766039344,-0.011732217428248853,,
2017-10-10,0.0077854154421776,0.0072278597510452465,,
2017-10-11,-0.0090536464301729,-0.010247142473956906,,
2017-10-12,-0.0119150345778711,-0.012033495424465192,,
2017-10-13,-0.0025717973883713,-0.003285520115448474,,
2017-10-16,0.0040689637465245,0.003382180002673154,,
2017-10-17,-0.0172455233262924,-0.018209070842204893,,
2017-10-18,0.0039062549670649,0.003956150907201999,,
2017-10-19,-0.0026024738175818,-0.004044072938951915,,
2017-10-20,0.0153003739025519,0.01509339700688784,,
2017-10-23,-0.0079442178402153,-0.009661386485711417,,
2017-10-24,-0.0008626267517881,-0.0006800280592034864,,
2017-10-25,-0.0077973104600317,-0.009140137512846879,,
2017-10-26,0.0202331482544937,0.020163870443851765,,
2017-10-27,0.0038281629056235,0.0018280279899194028,,
2017-10-30,-0.0066020897883487,-0.006692658718134745,,
2017-10-31,-0.0072914755813379,-0.008230791732677132,,
2017-11-01,-0.0051791224960284,-0.005533458335803234,,
2017-11-02,0.0135384038381965,0.012717017132865695,,
2017-11-03,-0.000854153372452,-0.002098588117623685,,
2017-11-06,-0.0077203900521316,-0.008125211482841309,,
2017-11-07,-0.0343842040454067,-0.03507326168998814,,
2017-11-09,-0.0204846780217222,-0.01994670623853189,,
2017-11-10,-0.0009101252050305,-0.0017211865355017209,,
2017-11-13,0.0335752217836237,0.032887622014270514,,
2017-11-14,0.0230645559311814,0.02095053192322243,,
2017-11-15,0.0002150768908172,-0.0005509997395985996,,
2017-11-16,-0.0084224663746964,-0.009183538668460662,,
2017-11-17,0.0041121148735741,0.0036846949456947496,,
2017-11-20,0.0171310399301837,0.01599526620831525,,
2017-11-21,-0.0044685679208771,-0.005646425175678513,,
2017-11-22,-0.0115831410896307,-0.011890744978675883,,
2017-11-24,0.0,-0.0006022998738028537,0.0006022998738028537,0.0006022998738028537
2017-11-27,0.0015091088344267,0.000648736204362532,0.0008603726300641679,0.0008838678161487781
2017-11-28,0.0353438544432803,0.03459430680157819,0.0007495476417021105,0.0007097084415313759
2017-11-29,0.0286963736742233,0.026554090271820558,0.0021422834024027405,0.0008174319540676875
2017-11-30,0.0012116318122023,0.0002444447192437245,0.0009671870929585754,0.0007508012878824556
2017-12-01,0.0106394660158461,0.009971757815861093,0.000667708199985007,0.0007920146272153266
2017-12-04,0.03260944996604,0.0313770499655886,0.0012324000004514,0.0007665227713445707
2017-12-05,-0.0167612577260163,-0.0184793781304081,0.001718120404391797,0.0007822903535462172
2017-12-06,-0.0190481949706944,-0.01852102551736875,-0.0005271694533256513,0.000772537566234608
2017-12-07,0.0109573762909987,0.01009738202426542,0.0008599942667332799,0.0007785699977849286
2017-12-08,0.0090730405443421,0.007954675544272318,0.0011183650000697824,0.0007748387331477939
2017-12-11,-0.019629856044886,-0.020504824848002604,0.0008749688031166057,0.0007771466475727146
2017-12-12,0.0103586583612845,0.010443320682767767,-8.466232148326709e-05,0.0007757191237943832
2017-12-13,-0.0139694947819877,-0.01568565685888681,0.0017161620768991132,0.0007766020959339467
2017-12-14,-0.0109114034680142,-0.010494425906223731,-0.00041697756179046974,0.0007760559475537378
2017-12-15,0.0159229404679025,0.014817993082755016,0.0011049473851474844,0.0007763937589521272
2017-12-18,0.019210413517157,0.01805941350660692,0.0011510000105500818,0.0007761848110818833
2017-12-19,-0.001766958347228,-0.0030159181861298973,0.0012489598389018976,0.0007763140524653523
2017-12-20,-0.0031489890221427,-0.0035152272923377886,0.0003662382701950887,0.0007762341122621739
2017-12-21,0.0142873552749996,0.01339460121842492,0.0008927540565746799,0.0007762835580040306
2017-12-22,-0.0025294302813863,-0.0037561538426708224,0.0012267235612845222,0.0007762529741264502
2017-12-26,-0.0091986165782382,-0.009549732805325735,0.00035111622708753406,0.0007762718912977318
2017-12-27,-0.0029536301870458,-0.003620337013013956,0.0006667068259681564,0.0007762601903821642
2017-12-28,0.0123470456360665,0.011644241865442658,0.0007028037706238419,0.0007762674277974776
2017-12-29,-0.0099834439841832,-0.011259378302856494,0.0012759343186732929,0.0007762629512092896
